{
  "name": "",
  "nodes": [
    {
      "id": "RuneFlow-branding-note",
      "name": "🔥 RuneFlow Template",
      "type": "n8n-nodes-base.stickyNote",
      "position": [
        -1000,
        -500
      ],
      "parameters": {
        "color": 2,
        "width": 400,
        "height": 300,
        "content": "🔥 RuneFlow AUTOMATION TEMPLATE 🔥\\n🆔 Rune: 0025\\n\\n📋 Template: 728_\\n📁 Category: AI & and & Research\\n👨‍💻 Created by: RuneFlow\\n📧 Contact: support@runeflow.xyz\\n🌐 Website: https://RuneFlow.xyz\\n📞 Support: \\n\\n⚡ automation mastery THROUGH AUTOMATION ⚡\\n\\n🎯 Need custom automation?\\nContact RuneFlow for enterprise solutions!\\n\\n🚀 Template Library: https://RuneFlow.xyz/templates"
      },
      "typeVersion": 1
    },
    {
      "id": "RuneFlow-branding-note",
      "name": "🔥 RuneFlow Template",
      "type": "n8n-nodes-base.stickyNote",
      "position": [
        -1000,
        -500
      ],
      "parameters": {
        "color": 2,
        "width": 400,
        "height": 300,
        "content": "🔥 RuneFlow AUTOMATION TEMPLATE 🔥\\n🆔 Rune: 0025\\n\\n📋 Template: 728_\\n📁 Category: AI & and & Research\\n👨‍💻 Created by: RuneFlow\\n📧 Contact: support@runeflow.xyz\\n🌐 Website: https://RuneFlow.xyz\\n📞 Support: \\n\\n⚡ automation mastery THROUGH AUTOMATION ⚡\\n\\n🎯 Need custom automation?\\nContact RuneFlow for enterprise solutions!\\n\\n🚀 Template Library: https://RuneFlow.xyz/templates"
      },
      "typeVersion": 1
    },
    {
      "id": "RuneFlow-branding-note",
      "name": "🔥 RuneFlow Template",
      "type": "n8n-nodes-base.stickyNote",
      "position": [
        -1000,
        -500
      ],
      "parameters": {
        "color": 2,
        "width": 400,
        "height": 300,
        "content": "🔥 RuneFlow AUTOMATION TEMPLATE 🔥\\n🆔 Rune: 0025\\n\\n📋 Template: 728_\\n📁 Category: AI & and & Research\\n👨‍💻 Created by: RuneFlow\\n📧 Contact: support@runeflow.xyz\\n🌐 Website: https://RuneFlow.xyz\\n📞 Support: \\n\\n⚡ automation mastery THROUGH AUTOMATION ⚡\\n\\n🎯 Need custom automation?\\nContact RuneFlow for enterprise solutions!\\n\\n🚀 Template Library: https://RuneFlow.xyz/templates"
      },
      "typeVersion": 1
    },
    {
      "id": "RuneFlow-branding-note",
      "name": "🔥 RuneFlow Template",
      "type": "n8n-nodes-base.stickyNote",
      "position": [
        -1000,
        -500
      ],
      "parameters": {
        "color": 2,
        "width": 400,
        "height": 300,
        "content": "🔥 RuneFlow AUTOMATION TEMPLATE 🔥\\n🆔 Rune: 0025\\n\\n📋 Template: 728_\\n📁 Category: AI & and & Research\\n👨‍💻 Created by: RuneFlow\\n📧 Contact: support@runeflow.xyz\\n🌐 Website: https://RuneFlow.xyz\\n📞 Support: \\n\\n⚡ automation mastery THROUGH AUTOMATION ⚡\\n\\n🎯 Need custom automation?\\nContact RuneFlow for enterprise solutions!\\n\\n🚀 Template Library: https://RuneFlow.xyz/templates"
      },
      "typeVersion": 1
    },
    {
      "id": "RuneFlow-branding-note",
      "name": "🔥 RuneFlow Template",
      "type": "n8n-nodes-base.stickyNote",
      "position": [
        -1000,
        -500
      ],
      "parameters": {
        "color": 2,
        "width": 400,
        "height": 300,
        "content": "🔥 RuneFlow AUTOMATION TEMPLATE 🔥\\n🆔 Rune: 0025\\n\\n📋 Template: 728_\\n📁 Category: AI & and & Research\\n👨‍💻 Created by: RuneFlow\\n📧 Contact: support@runeflow.xyz\\n🌐 Website: https://RuneFlow.xyz\\n📞 Support: \\n\\n⚡ automation mastery THROUGH AUTOMATION ⚡\\n\\n🎯 Need custom automation?\\nContact RuneFlow for enterprise solutions!\\n\\n🚀 Template Library: https://RuneFlow.xyz/templates"
      },
      "typeVersion": 1
    },
    {
      "name": "On clicking 'execute'",
      "type": "n8n-nodes-base.manualTrigger",
      "position": [
        450,
        450
      ],
      "parameters": {},
      "typeVersion": 1
    },
    {
      "name": "Wekan",
      "type": "n8n-nodes-base.wekan",
      "position": [
        650,
        450
      ],
      "parameters": {
        "owner": "c4nzTEvSwGPBxKTCc",
        "title": "Documentation",
        "resource": "board",
        "additionalFields": {}
      },
      "credentials": {
        "wekanApi": "wekan-trial"
      },
      "typeVersion": 1
    },
    {
      "name": "Wekan1",
      "type": "n8n-nodes-base.wekan",
      "position": [
        850,
        450
      ],
      "parameters": {
        "title": "To Do",
        "boardId": "={{$node[\"Wekan\"].json[\"_id\"]}}",
        "resource": "list"
      },
      "credentials": {
        "wekanApi": "wekan-trial"
      },
      "typeVersion": 1
    },
    {
      "name": "Wekan2",
      "type": "n8n-nodes-base.wekan",
      "position": [
        1050,
        450
      ],
      "parameters": {
        "title": "Done",
        "boardId": "={{$node[\"Wekan\"].json[\"_id\"]}}",
        "resource": "list"
      },
      "credentials": {
        "wekanApi": "wekan-trial"
      },
      "typeVersion": 1
    },
    {
      "name": "Wekan3",
      "type": "n8n-nodes-base.wekan",
      "position": [
        1250,
        450
      ],
      "parameters": {
        "title": "Document Wekan node",
        "listId": "={{$node[\"Wekan1\"].json[\"_id\"]}}",
        "boardId": "={{$node[\"Wekan\"].json[\"_id\"]}}",
        "authorId": "c4nzTEvSwGPBxKTCc",
        "swimlaneId": "LDTcBp9fvmjSsSB69",
        "additionalFields": {}
      },
      "credentials": {
        "wekanApi": "wekan-trial"
      },
      "typeVersion": 1
    },
    {
      "name": "Wekan4",
      "type": "n8n-nodes-base.wekan",
      "position": [
        1450,
        450
      ],
      "parameters": {
        "cardId": "={{$node[\"Wekan3\"].json[\"_id\"]}}",
        "listId": "={{$node[\"Wekan1\"].json[\"_id\"]}}",
        "boardId": "={{$node[\"Wekan\"].json[\"_id\"]}}",
        "operation": "update",
        "updateFields": {
          "listId": "={{$node[\"Wekan2\"].json[\"_id\"]}}"
        }
      },
      "credentials": {
        "wekanApi": "wekan-trial"
      },
      "typeVersion": 1
    }
  ],
  "active": false,
  "settings": {},
  "connections": {
    "Wekan": {
      "main": [
        [
          {
            "node": "Wekan1",
            "type": "main",
            "index": 0
          }
        ]
      ]
    },
    "Wekan1": {
      "main": [
        [
          {
            "node": "Wekan2",
            "type": "main",
            "index": 0
          }
        ]
      ]
    },
    "Wekan2": {
      "main": [
        [
          {
            "node": "Wekan3",
            "type": "main",
            "index": 0
          }
        ]
      ]
    },
    "Wekan3": {
      "main": [
        [
          {
            "node": "Wekan4",
            "type": "main",
            "index": 0
          }
        ]
      ]
    },
    "On clicking 'execute'": {
      "main": [
        [
          {
            "node": "Wekan",
            "type": "main",
            "index": 0
          }
        ]
      ]
    }
  },
  "meta": {
    "RuneFlow": {
      "provider": "RuneFlow - Norse Automation Mastery",
      "contact": "support@runeflow.xyz",
      "website": "https://RuneFlow.xyz",
      "support": "",
      "category": "AI & and & Research",
      "template_name": "728_",
      "rune_number": "0025"
    }
  },
  "runeflow_category": "ᚨᛁ AI & Research",
  "runeflow_description": "Intelligent Data Processing",
  "runeflow_contact": "contact@RuneFlow.xyz",
  "runeflow_website": "https://RuneFlow.xyz",
  "runeflow_tagline": "Unlock the Power of Ancient Wisdom Through Modern Automation",
  "runeflow_meta": {
    "template_id": "728",
    "template_name": "728",
    "original_filename": "728_",
    "category": "AI & Research",
    "quality_score": 3,
    "processed_date": "2025-07-31T07:29:47.137481",
    "nodes_count": 11,
    "has_credentials": true,
    "has_webhooks": false,
    "has_ai_nodes": false
  },
  "runeflow_rune": "0025"
}