{
  "nodes": [
    {
      "id": "RuneFlow-branding-note",
      "name": "🔥 RuneFlow Template",
      "type": "n8n-nodes-base.stickyNote",
      "position": [
        -1000,
        -500
      ],
      "parameters": {
        "color": 2,
        "width": 400,
        "height": 300,
        "content": "🔥 RuneFlow AUTOMATION TEMPLATE 🔥\\n🆔 Rune: 0002\\n\\n📋 Template: Mattermost Notification on Webhook Trigger\\n📁 Category: Communication & Messaging\\n👨‍💻 Created by: RuneFlow\\n📧 Contact: support@runeflow.xyz\\n🌐 Website: https://RuneFlow.xyz\\n📞 Support: \\n\\n⚡ automation mastery THROUGH AUTOMATION ⚡\\n\\n🎯 Need custom automation?\\nContact RuneFlow for enterprise solutions!\\n\\n🚀 Template Library: https://RuneFlow.xyz/templates"
      },
      "typeVersion": 1
    },
    {
      "name": "Webhook",
      "type": "n8n-nodes-base.webhook",
      "position": [
        490,
        460
      ],
      "webhookId": "c0345765-4488-4ac8-a9da-02f647dd2b90",
      "parameters": {
        "path": "c0345765-4488-4ac8-a9da-02f647dd2b90",
        "options": {}
      },
      "typeVersion": 1
    },
    {
      "name": "Set",
      "type": "n8n-nodes-base.set",
      "position": [
        690,
        460
      ],
      "parameters": {
        "values": {
          "string": [
            {
              "name": "Message",
              "value": "Hello!"
            }
          ]
        },
        "options": {},
        "keepOnlySet": true
      },
      "typeVersion": 1
    },
    {
      "name": "Mattermost",
      "type": "n8n-nodes-base.mattermost",
      "position": [
        690,
        610
      ],
      "parameters": {
        "message": "=The workflow {{$workflow.name}}, was updated.",
        "channelId": "toyi3uoycf8rirtm7d5jm15sso",
        "attachments": [],
        "otherOptions": {}
      },
      "credentials": {
        "mattermostApi": "Mattermost Credentials"
      },
      "typeVersion": 1
    },
    {
      "name": "Workflow Trigger",
      "type": "n8n-nodes-base.workflowTrigger",
      "position": [
        490,
        610
      ],
      "parameters": {
        "events": [
          "update"
        ]
      },
      "typeVersion": 1
    }
  ],
  "connections": {
    "Webhook": {
      "main": [
        [
          {
            "node": "Set",
            "type": "main",
            "index": 0
          }
        ]
      ]
    },
    "Workflow Trigger": {
      "main": [
        [
          {
            "node": "Mattermost",
            "type": "main",
            "index": 0
          }
        ]
      ]
    }
  },
  "meta": {
    "RuneFlow": {
      "provider": "RuneFlow - Norse Automation Mastery",
      "contact": "support@runeflow.xyz",
      "website": "https://RuneFlow.xyz",
      "support": "",
      "category": "Other & Templates",
      "template_name": "Mattermost Notification on Webhook Trigger",
      "rune_number": "0002"
    }
  },
  "runeflow_category": "ᛁᚾ Integration Hub",
  "runeflow_description": "Connect Everything",
  "runeflow_contact": "contact@RuneFlow.xyz",
  "runeflow_website": "https://RuneFlow.xyz",
  "runeflow_tagline": "Unlock the Power of Ancient Wisdom Through Modern Automation",
  "runeflow_meta": {
    "template_id": "1059_workflow_1059",
    "template_name": "1059 Workflow 1059",
    "original_filename": "1059_workflow_1059",
    "category": "AI & Research",
    "quality_score": 4,
    "processed_date": "2025-07-31T07:29:47.094701",
    "nodes_count": 5,
    "has_credentials": true,
    "has_webhooks": true,
    "has_ai_nodes": false
  },
  "runeflow_rune": "0002"
}