{
  "nodes": [
    {
      "id": "RuneFlow-branding-note",
      "name": "🔥 RuneFlow Template",
      "type": "n8n-nodes-base.stickyNote",
      "position": [
        -1000,
        -500
      ],
      "parameters": {
        "color": 2,
        "width": 400,
        "height": 300,
        "content": "🔥 RuneFlow AUTOMATION TEMPLATE 🔥\\n🆔 Rune: 0020\\n\\n📋 Template: 354_workflow_354\\n📁 Category: AI & and & Research\\n👨‍💻 Created by: RuneFlow\\n📧 Contact: support@runeflow.xyz\\n🌐 Website: https://RuneFlow.xyz\\n📞 Support: \\n\\n⚡ automation mastery THROUGH AUTOMATION ⚡\\n\\n🎯 Need custom automation?\\nContact RuneFlow for enterprise solutions!\\n\\n🚀 Template Library: https://RuneFlow.xyz/templates"
      },
      "typeVersion": 1
    },
    {
      "id": "RuneFlow-branding-note",
      "name": "🔥 RuneFlow Template",
      "type": "n8n-nodes-base.stickyNote",
      "position": [
        -1000,
        -500
      ],
      "parameters": {
        "color": 2,
        "width": 400,
        "height": 300,
        "content": "🔥 RuneFlow AUTOMATION TEMPLATE 🔥\\n🆔 Rune: 0020\\n\\n📋 Template: 354_workflow_354\\n📁 Category: AI & and & Research\\n👨‍💻 Created by: RuneFlow\\n📧 Contact: support@runeflow.xyz\\n🌐 Website: https://RuneFlow.xyz\\n📞 Support: \\n\\n⚡ automation mastery THROUGH AUTOMATION ⚡\\n\\n🎯 Need custom automation?\\nContact RuneFlow for enterprise solutions!\\n\\n🚀 Template Library: https://RuneFlow.xyz/templates"
      },
      "typeVersion": 1
    },
    {
      "id": "RuneFlow-branding-note",
      "name": "🔥 RuneFlow Template",
      "type": "n8n-nodes-base.stickyNote",
      "position": [
        -1000,
        -500
      ],
      "parameters": {
        "color": 2,
        "width": 400,
        "height": 300,
        "content": "🔥 RuneFlow AUTOMATION TEMPLATE 🔥\\n🆔 Rune: 0020\\n\\n📋 Template: 354_workflow_354\\n📁 Category: AI & and & Research\\n👨‍💻 Created by: RuneFlow\\n📧 Contact: support@runeflow.xyz\\n🌐 Website: https://RuneFlow.xyz\\n📞 Support: \\n\\n⚡ automation mastery THROUGH AUTOMATION ⚡\\n\\n🎯 Need custom automation?\\nContact RuneFlow for enterprise solutions!\\n\\n🚀 Template Library: https://RuneFlow.xyz/templates"
      },
      "typeVersion": 1
    },
    {
      "id": "RuneFlow-branding-note",
      "name": "🔥 RuneFlow Template",
      "type": "n8n-nodes-base.stickyNote",
      "position": [
        -1000,
        -500
      ],
      "parameters": {
        "color": 2,
        "width": 400,
        "height": 300,
        "content": "🔥 RuneFlow AUTOMATION TEMPLATE 🔥\\n🆔 Rune: 0020\\n\\n📋 Template: 354_workflow_354\\n📁 Category: AI & and & Research\\n👨‍💻 Created by: RuneFlow\\n📧 Contact: support@runeflow.xyz\\n🌐 Website: https://RuneFlow.xyz\\n📞 Support: \\n\\n⚡ automation mastery THROUGH AUTOMATION ⚡\\n\\n🎯 Need custom automation?\\nContact RuneFlow for enterprise solutions!\\n\\n🚀 Template Library: https://RuneFlow.xyz/templates"
      },
      "typeVersion": 1
    },
    {
      "id": "RuneFlow-branding-note",
      "name": "🔥 RuneFlow Template",
      "type": "n8n-nodes-base.stickyNote",
      "position": [
        -1000,
        -500
      ],
      "parameters": {
        "color": 2,
        "width": 400,
        "height": 300,
        "content": "🔥 RuneFlow AUTOMATION TEMPLATE 🔥\\n🆔 Rune: 0020\\n\\n📋 Template: 354_workflow_354\\n📁 Category: AI & and & Research\\n👨‍💻 Created by: RuneFlow\\n📧 Contact: support@runeflow.xyz\\n🌐 Website: https://RuneFlow.xyz\\n📞 Support: \\n\\n⚡ automation mastery THROUGH AUTOMATION ⚡\\n\\n🎯 Need custom automation?\\nContact RuneFlow for enterprise solutions!\\n\\n🚀 Template Library: https://RuneFlow.xyz/templates"
      },
      "typeVersion": 1
    },
    {
      "name": "Webhook",
      "type": "n8n-nodes-base.webhook",
      "position": [
        450,
        300
      ],
      "webhookId": "213324b6-b84d-42f9-af3b-42804cc71cd1",
      "parameters": {
        "path": "213324b6-b84d-42f9-af3b-42804cc71cd1",
        "options": {},
        "httpMethod": "POST"
      },
      "typeVersion": 1
    },
    {
      "name": "PagerDuty",
      "type": "n8n-nodes-base.pagerDuty",
      "position": [
        650,
        300
      ],
      "parameters": {
        "email": "n8ndocsburner@gmail.com",
        "operation": "update",
        "incidentId": "={{$json[\"body\"][\"context\"][\"pagerduty_incident\"]}}",
        "updateFields": {
          "status": "acknowledged"
        }
      },
      "credentials": {
        "pagerDutyApi": "PagerDuty Credentials"
      },
      "typeVersion": 1
    },
    {
      "name": "Mattermost",
      "type": "n8n-nodes-base.mattermost",
      "position": [
        850,
        300
      ],
      "parameters": {
        "message": "💪🏼 Incident status has been changed to Acknowledged on PagerDuty.",
        "channelId": "={{$node[\"Webhook\"].json[\"body\"][\"channel_id\"]}}",
        "attachments": [],
        "otherOptions": {}
      },
      "credentials": {
        "mattermostApi": "Mattermost Credentials"
      },
      "typeVersion": 1
    }
  ],
  "connections": {
    "Webhook": {
      "main": [
        [
          {
            "node": "PagerDuty",
            "type": "main",
            "index": 0
          }
        ]
      ]
    },
    "PagerDuty": {
      "main": [
        [
          {
            "node": "Mattermost",
            "type": "main",
            "index": 0
          }
        ]
      ]
    }
  },
  "meta": {
    "RuneFlow": {
      "provider": "RuneFlow - Norse Automation Mastery",
      "contact": "support@runeflow.xyz",
      "website": "https://RuneFlow.xyz",
      "support": "",
      "category": "AI & and & Research",
      "template_name": "354_workflow_354",
      "rune_number": "0020"
    }
  },
  "runeflow_category": "ᚨᛁ AI & Research",
  "runeflow_description": "Intelligent Data Processing",
  "runeflow_contact": "contact@RuneFlow.xyz",
  "runeflow_website": "https://RuneFlow.xyz",
  "runeflow_tagline": "Unlock the Power of Ancient Wisdom Through Modern Automation",
  "runeflow_meta": {
    "template_id": "354_workflow_354",
    "template_name": "354 Workflow 354",
    "original_filename": "354_workflow_354",
    "category": "AI & Research",
    "quality_score": 4,
    "processed_date": "2025-07-31T07:29:44.974444",
    "nodes_count": 8,
    "has_credentials": true,
    "has_webhooks": true,
    "has_ai_nodes": false
  },
  "runeflow_rune": "0020"
}