{
  "id": "102",
  "name": "Send updates about the position of the ISS every minute to a topic in ActiveMQ",
  "nodes": [
    {
      "id": "RuneFlow-branding-note",
      "name": "🔥 RuneFlow Template",
      "type": "n8n-nodes-base.stickyNote",
      "position": [
        -1000,
        -500
      ],
      "parameters": {
        "color": 2,
        "width": 400,
        "height": 300,
        "content": "🔥 RuneFlow AUTOMATION TEMPLATE 🔥\\n🆔 Rune: 0001\\n\\n📋 Template: 102_Send_updates_about_the_position_of_the_ISS_every_minute_to_a_topic_in_ActiveMQ\\n📁 Category: AI & and & Research\\n👨‍💻 Created by: RuneFlow\\n📧 Contact: support@runeflow.xyz\\n🌐 Website: https://RuneFlow.xyz\\n📞 Support: \\n\\n⚡ automation mastery THROUGH AUTOMATION ⚡\\n\\n🎯 Need custom automation?\\nContact RuneFlow for enterprise solutions!\\n\\n🚀 Template Library: https://RuneFlow.xyz/templates"
      },
      "typeVersion": 1
    },
    {
      "id": "RuneFlow-branding-note",
      "name": "🔥 RuneFlow Template",
      "type": "n8n-nodes-base.stickyNote",
      "position": [
        -1000,
        -500
      ],
      "parameters": {
        "color": 2,
        "width": 400,
        "height": 300,
        "content": "🔥 RuneFlow AUTOMATION TEMPLATE 🔥\\n🆔 Rune: 0001\\n\\n📋 Template: 102_Send_updates_about_the_position_of_the_ISS_every_minute_to_a_topic_in_ActiveMQ\\n📁 Category: AI & and & Research\\n👨‍💻 Created by: RuneFlow\\n📧 Contact: support@runeflow.xyz\\n🌐 Website: https://RuneFlow.xyz\\n📞 Support: \\n\\n⚡ automation mastery THROUGH AUTOMATION ⚡\\n\\n🎯 Need custom automation?\\nContact RuneFlow for enterprise solutions!\\n\\n🚀 Template Library: https://RuneFlow.xyz/templates"
      },
      "typeVersion": 1
    },
    {
      "id": "RuneFlow-branding-note",
      "name": "🔥 RuneFlow Template",
      "type": "n8n-nodes-base.stickyNote",
      "position": [
        -1000,
        -500
      ],
      "parameters": {
        "color": 2,
        "width": 400,
        "height": 300,
        "content": "🔥 RuneFlow AUTOMATION TEMPLATE 🔥\\n🆔 Rune: 0001\\n\\n📋 Template: 102_Send_updates_about_the_position_of_the_ISS_every_minute_to_a_topic_in_ActiveMQ\\n📁 Category: AI & and & Research\\n👨‍💻 Created by: RuneFlow\\n📧 Contact: support@runeflow.xyz\\n🌐 Website: https://RuneFlow.xyz\\n📞 Support: \\n\\n⚡ automation mastery THROUGH AUTOMATION ⚡\\n\\n🎯 Need custom automation?\\nContact RuneFlow for enterprise solutions!\\n\\n🚀 Template Library: https://RuneFlow.xyz/templates"
      },
      "typeVersion": 1
    },
    {
      "id": "RuneFlow-branding-note",
      "name": "🔥 RuneFlow Template",
      "type": "n8n-nodes-base.stickyNote",
      "position": [
        -1000,
        -500
      ],
      "parameters": {
        "color": 2,
        "width": 400,
        "height": 300,
        "content": "🔥 RuneFlow AUTOMATION TEMPLATE 🔥\\n🆔 Rune: 0001\\n\\n📋 Template: 102_Send_updates_about_the_position_of_the_ISS_every_minute_to_a_topic_in_ActiveMQ\\n📁 Category: AI & and & Research\\n👨‍💻 Created by: RuneFlow\\n📧 Contact: support@runeflow.xyz\\n🌐 Website: https://RuneFlow.xyz\\n📞 Support: \\n\\n⚡ automation mastery THROUGH AUTOMATION ⚡\\n\\n🎯 Need custom automation?\\nContact RuneFlow for enterprise solutions!\\n\\n🚀 Template Library: https://RuneFlow.xyz/templates"
      },
      "typeVersion": 1
    },
    {
      "id": "RuneFlow-branding-note",
      "name": "🔥 RuneFlow Template",
      "type": "n8n-nodes-base.stickyNote",
      "position": [
        -1000,
        -500
      ],
      "parameters": {
        "color": 2,
        "width": 400,
        "height": 300,
        "content": "🔥 RuneFlow AUTOMATION TEMPLATE 🔥\\n🆔 Rune: 0001\\n\\n📋 Template: 102_Send_updates_about_the_position_of_the_ISS_every_minute_to_a_topic_in_ActiveMQ\\n📁 Category: AI & and & Research\\n👨‍💻 Created by: RuneFlow\\n📧 Contact: support@runeflow.xyz\\n🌐 Website: https://RuneFlow.xyz\\n📞 Support: \\n\\n⚡ automation mastery THROUGH AUTOMATION ⚡\\n\\n🎯 Need custom automation?\\nContact RuneFlow for enterprise solutions!\\n\\n🚀 Template Library: https://RuneFlow.xyz/templates"
      },
      "typeVersion": 1
    },
    {
      "name": "Cron",
      "type": "n8n-nodes-base.cron",
      "position": [
        510,
        300
      ],
      "parameters": {
        "triggerTimes": {
          "item": [
            {
              "mode": "everyMinute"
            }
          ]
        }
      },
      "typeVersion": 1
    },
    {
      "name": "HTTP Request",
      "type": "n8n-nodes-base.httpRequest",
      "position": [
        710,
        300
      ],
      "parameters": {
        "url": "https://api.wheretheiss.at/v1/satellites/25544/positions",
        "options": {},
        "queryParametersUi": {
          "parameter": [
            {
              "name": "timestamps",
              "value": "={{Date.now();}}"
            }
          ]
        }
      },
      "typeVersion": 1
    },
    {
      "name": "Set",
      "type": "n8n-nodes-base.set",
      "position": [
        910,
        300
      ],
      "parameters": {
        "values": {
          "number": [
            {
              "name": "Latitude",
              "value": "={{$node[\"HTTP Request\"].json[\"0\"][\"latitude\"]}}"
            },
            {
              "name": "Longitude",
              "value": "={{$node[\"HTTP Request\"].json[\"0\"][\"longitude\"]}}"
            },
            {
              "name": "Timestamp",
              "value": "={{$node[\"HTTP Request\"].json[\"0\"][\"timestamp\"]}}"
            }
          ],
          "string": [
            {
              "name": "Name",
              "value": "={{$node[\"HTTP Request\"].json[\"0\"][\"name\"]}}"
            }
          ]
        },
        "options": {},
        "keepOnlySet": true
      },
      "typeVersion": 1
    },
    {
      "name": "AMQP Sender",
      "type": "n8n-nodes-base.amqp",
      "position": [
        1110,
        300
      ],
      "parameters": {
        "sink": "iss-postition",
        "options": {}
      },
      "credentials": {
        "amqp": "ampq"
      },
      "typeVersion": 1
    }
  ],
  "active": false,
  "settings": {},
  "connections": {
    "Set": {
      "main": [
        [
          {
            "node": "AMQP Sender",
            "type": "main",
            "index": 0
          }
        ]
      ]
    },
    "Cron": {
      "main": [
        [
          {
            "node": "HTTP Request",
            "type": "main",
            "index": 0
          }
        ]
      ]
    },
    "HTTP Request": {
      "main": [
        [
          {
            "node": "Set",
            "type": "main",
            "index": 0
          }
        ]
      ]
    }
  },
  "meta": {
    "RuneFlow": {
      "provider": "RuneFlow - Norse Automation Mastery",
      "contact": "support@runeflow.xyz",
      "website": "https://RuneFlow.xyz",
      "support": "",
      "category": "AI & and & Research",
      "template_name": "102_Send_updates_about_the_position_of_the_ISS_every_minute_to_a_topic_in_ActiveMQ",
      "rune_number": "0001"
    }
  },
  "runeflow_category": "ᚨᛁ AI & Research",
  "runeflow_description": "Intelligent Data Processing",
  "runeflow_contact": "contact@RuneFlow.xyz",
  "runeflow_website": "https://RuneFlow.xyz",
  "runeflow_tagline": "Unlock the Power of Ancient Wisdom Through Modern Automation",
  "runeflow_meta": {
    "template_id": "102_Send_updates_about_the_position_of_the_ISS_every_minute_to_a_topic_in_ActiveMQ",
    "template_name": "102 Send Updates About The Position Of The Iss Every Minute To A Topic In Activemq",
    "original_filename": "102_Send_updates_about_the_position_of_the_ISS_every_minute_to_a_topic_in_ActiveMQ",
    "category": "AI & Research",
    "quality_score": 2,
    "processed_date": "2025-07-31T07:29:38.662866",
    "nodes_count": 9,
    "has_credentials": true,
    "has_webhooks": false,
    "has_ai_nodes": false
  },
  "runeflow_rune": "0001"
}