{
  "id": "175",
  "name": "Get messages with a certain label, remove the label, and add a new one",
  "nodes": [
    {
      "id": "RuneFlow-branding-note",
      "name": "🔥 RuneFlow Template",
      "type": "n8n-nodes-base.stickyNote",
      "position": [
        -1000,
        -500
      ],
      "parameters": {
        "color": 2,
        "width": 400,
        "height": 300,
        "content": "🔥 RuneFlow AUTOMATION TEMPLATE 🔥\\n🆔 Rune: 0005\\n\\n📋 Template: 175_Get_messages_with_a_certain_label,_remove_the_label,_and_add_a_new_one\\n📁 Category: AI & and & Research\\n👨‍💻 Created by: RuneFlow\\n📧 Contact: support@runeflow.xyz\\n🌐 Website: https://RuneFlow.xyz\\n📞 Support: \\n\\n⚡ automation mastery THROUGH AUTOMATION ⚡\\n\\n🎯 Need custom automation?\\nContact RuneFlow for enterprise solutions!\\n\\n🚀 Template Library: https://RuneFlow.xyz/templates"
      },
      "typeVersion": 1
    },
    {
      "id": "RuneFlow-branding-note",
      "name": "🔥 RuneFlow Template",
      "type": "n8n-nodes-base.stickyNote",
      "position": [
        -1000,
        -500
      ],
      "parameters": {
        "color": 2,
        "width": 400,
        "height": 300,
        "content": "🔥 RuneFlow AUTOMATION TEMPLATE 🔥\\n🆔 Rune: 0005\\n\\n📋 Template: 175_Get_messages_with_a_certain_label,_remove_the_label,_and_add_a_new_one\\n📁 Category: AI & and & Research\\n👨‍💻 Created by: RuneFlow\\n📧 Contact: support@runeflow.xyz\\n🌐 Website: https://RuneFlow.xyz\\n📞 Support: \\n\\n⚡ automation mastery THROUGH AUTOMATION ⚡\\n\\n🎯 Need custom automation?\\nContact RuneFlow for enterprise solutions!\\n\\n🚀 Template Library: https://RuneFlow.xyz/templates"
      },
      "typeVersion": 1
    },
    {
      "id": "RuneFlow-branding-note",
      "name": "🔥 RuneFlow Template",
      "type": "n8n-nodes-base.stickyNote",
      "position": [
        -1000,
        -500
      ],
      "parameters": {
        "color": 2,
        "width": 400,
        "height": 300,
        "content": "🔥 RuneFlow AUTOMATION TEMPLATE 🔥\\n🆔 Rune: 0005\\n\\n📋 Template: 175_Get_messages_with_a_certain_label,_remove_the_label,_and_add_a_new_one\\n📁 Category: AI & and & Research\\n👨‍💻 Created by: RuneFlow\\n📧 Contact: support@runeflow.xyz\\n🌐 Website: https://RuneFlow.xyz\\n📞 Support: \\n\\n⚡ automation mastery THROUGH AUTOMATION ⚡\\n\\n🎯 Need custom automation?\\nContact RuneFlow for enterprise solutions!\\n\\n🚀 Template Library: https://RuneFlow.xyz/templates"
      },
      "typeVersion": 1
    },
    {
      "id": "RuneFlow-branding-note",
      "name": "🔥 RuneFlow Template",
      "type": "n8n-nodes-base.stickyNote",
      "position": [
        -1000,
        -500
      ],
      "parameters": {
        "color": 2,
        "width": 400,
        "height": 300,
        "content": "🔥 RuneFlow AUTOMATION TEMPLATE 🔥\\n🆔 Rune: 0005\\n\\n📋 Template: 175_Get_messages_with_a_certain_label,_remove_the_label,_and_add_a_new_one\\n📁 Category: AI & and & Research\\n👨‍💻 Created by: RuneFlow\\n📧 Contact: support@runeflow.xyz\\n🌐 Website: https://RuneFlow.xyz\\n📞 Support: \\n\\n⚡ automation mastery THROUGH AUTOMATION ⚡\\n\\n🎯 Need custom automation?\\nContact RuneFlow for enterprise solutions!\\n\\n🚀 Template Library: https://RuneFlow.xyz/templates"
      },
      "typeVersion": 1
    },
    {
      "id": "RuneFlow-branding-note",
      "name": "🔥 RuneFlow Template",
      "type": "n8n-nodes-base.stickyNote",
      "position": [
        -1000,
        -500
      ],
      "parameters": {
        "color": 2,
        "width": 400,
        "height": 300,
        "content": "🔥 RuneFlow AUTOMATION TEMPLATE 🔥\\n🆔 Rune: 0005\\n\\n📋 Template: 175_Get_messages_with_a_certain_label,_remove_the_label,_and_add_a_new_one\\n📁 Category: AI & and & Research\\n👨‍💻 Created by: RuneFlow\\n📧 Contact: support@runeflow.xyz\\n🌐 Website: https://RuneFlow.xyz\\n📞 Support: \\n\\n⚡ automation mastery THROUGH AUTOMATION ⚡\\n\\n🎯 Need custom automation?\\nContact RuneFlow for enterprise solutions!\\n\\n🚀 Template Library: https://RuneFlow.xyz/templates"
      },
      "typeVersion": 1
    },
    {
      "name": "On clicking 'execute'",
      "type": "n8n-nodes-base.manualTrigger",
      "position": [
        250,
        300
      ],
      "parameters": {},
      "typeVersion": 1
    },
    {
      "name": "Gmail",
      "type": "n8n-nodes-base.gmail",
      "position": [
        450,
        300
      ],
      "parameters": {
        "resource": "message",
        "operation": "getAll",
        "additionalFields": {
          "format": "full",
          "labelIds": [
            "Label_103811885290186237"
          ]
        }
      },
      "credentials": {
        "gmailOAuth2": "Gmail"
      },
      "typeVersion": 1
    },
    {
      "name": "Gmail1",
      "type": "n8n-nodes-base.gmail",
      "position": [
        650,
        300
      ],
      "parameters": {
        "labelIds": [
          "Label_103811885290186237"
        ],
        "resource": "messageLabel",
        "messageId": "={{$node[\"Gmail\"].json[\"id\"]}}",
        "operation": "remove"
      },
      "credentials": {
        "gmailOAuth2": "Gmail"
      },
      "typeVersion": 1
    },
    {
      "name": "Gmail2",
      "type": "n8n-nodes-base.gmail",
      "position": [
        850,
        300
      ],
      "parameters": {
        "labelIds": [
          "Label_140673791182006844"
        ],
        "resource": "messageLabel",
        "messageId": "={{$node[\"Gmail\"].json[\"id\"]}}"
      },
      "credentials": {
        "gmailOAuth2": "Gmail"
      },
      "typeVersion": 1
    }
  ],
  "active": false,
  "settings": {},
  "connections": {
    "Gmail": {
      "main": [
        [
          {
            "node": "Gmail1",
            "type": "main",
            "index": 0
          }
        ]
      ]
    },
    "Gmail1": {
      "main": [
        [
          {
            "node": "Gmail2",
            "type": "main",
            "index": 0
          }
        ]
      ]
    },
    "On clicking 'execute'": {
      "main": [
        [
          {
            "node": "Gmail",
            "type": "main",
            "index": 0
          }
        ]
      ]
    }
  },
  "meta": {
    "RuneFlow": {
      "provider": "RuneFlow - Norse Automation Mastery",
      "contact": "support@runeflow.xyz",
      "website": "https://RuneFlow.xyz",
      "support": "",
      "category": "AI & and & Research",
      "template_name": "175_Get_messages_with_a_certain_label,_remove_the_label,_and_add_a_new_one",
      "rune_number": "0005"
    }
  },
  "runeflow_category": "ᚨᛁ AI & Research",
  "runeflow_description": "Intelligent Data Processing",
  "runeflow_contact": "contact@RuneFlow.xyz",
  "runeflow_website": "https://RuneFlow.xyz",
  "runeflow_tagline": "Unlock the Power of Ancient Wisdom Through Modern Automation",
  "runeflow_meta": {
    "template_id": "175_Get_messages_with_a_certain_label_remove_the_label_and_add_a_new_one",
    "template_name": "175 Get Messages With A Certain Label Remove The Label And Add A New One",
    "original_filename": "175_Get_messages_with_a_certain_label,_remove_the_label,_and_add_a_new_one",
    "category": "AI & Research",
    "quality_score": 2,
    "processed_date": "2025-07-31T07:29:47.109082",
    "nodes_count": 9,
    "has_credentials": true,
    "has_webhooks": false,
    "has_ai_nodes": false
  },
  "runeflow_rune": "0005"
}