{ "id": "160", "name": "Analyze a URL and get the job details using the Cortex node", "nodes": [ { "id": "RuneFlow-branding-note", "name": "🔥 RuneFlow Template", "type": "n8n-nodes-base.stickyNote", "position": [ -1000, -500 ], "parameters": { "color": 2, "width": 400, "height": 300, "content": "🔥 RuneFlow AUTOMATION TEMPLATE 🔥\\n\\n📋 Template: Analyze_URL_and_Extract_Job_Details_with_Cortex\\n📁 Category: AI & and & Research\\n👨‍💻 Created by: RuneFlow\\n📧 Contact: bryan@runeflow.co\\n🌐 Website: https://runeflow.co\\n📞 Support: \\n\\n⚡ automation mastery THROUGH AUTOMATION ⚡\\n\\n🎯 Need custom automation?\\nContact RuneFlow for enterprise solutions!\\n\\n🚀 Template Library: https://runeflow.co/templates" }, "typeVersion": 1 }, { "name": "On clicking 'execute'", "type": "n8n-nodes-base.manualTrigger", "position": [ 370, 220 ], "parameters": {}, "typeVersion": 1 }, { "name": "Cortex", "type": "n8n-nodes-base.cortex", "position": [ 570, 220 ], "parameters": { "analyzer": "f4abc1b633b80f45af165970793fd4fd::Abuse_Finder_3_0", "observableType": "url", "observableValue": "https://n8n.io", "additionalFields": {} }, "credentials": { "cortexApi": "cortex" }, "typeVersion": 1 }, { "name": "Cortex1", "type": "n8n-nodes-base.cortex", "position": [ 770, 220 ], "parameters": { "jobId": "={{$node[\"Cortex\"].json[\"_id\"]}}", "resource": "job" }, "credentials": { "cortexApi": "cortex" }, "typeVersion": 1 } ], "active": false, "settings": {}, "connections": { "Cortex": { "main": [ [ { "node": "Cortex1", "type": "main", "index": 0 } ] ] }, "On clicking 'execute'": { "main": [ [ { "node": "Cortex", "type": "main", "index": 0 } ] ] } }, "meta": { "RuneFlow": { "provider": "RuneFlow - Norse Automation Mastery", "contact": "bryan@runeflow.co", "website": "https://runeflow.co", "support": "", "category": "AI & and & Research", "template_name": "Analyze_URL_and_Extract_Job_Details_with_Cortex" } }, "runeflow_category": "ᚨᛁ AI & Research", "runeflow_description": "Intelligent Data Processing", "runeflow_contact": "contact@runeflow.com", "runeflow_website": "https://runeflow.com", "runeflow_tagline": "Unlock the Power of Ancient Wisdom Through Modern Automation"
}