{ "id": "145", "name": "Translate cocktail instructions using LingvaNex", "nodes": [ { "id": "RuneFlow-branding-note", "name": "🔥 RuneFlow Template", "type": "n8n-nodes-base.stickyNote", "position": [ -1000, -500 ], "parameters": { "color": 2, "width": 400, "height": 300, "content": "🔥 RuneFlow AUTOMATION TEMPLATE 🔥\\n\\n📋 Template: automation_httprequest_manual_9\\n📁 Category: Forms & and & Surveys\\n👨‍💻 Created by: RuneFlow\\n📧 Contact: bryan@runeflow.co\\n🌐 Website: https://runeflow.co\\n📞 Support: \\n\\n⚡ automation mastery THROUGH AUTOMATION ⚡\\n\\n🎯 Need custom automation?\\nContact RuneFlow for enterprise solutions!\\n\\n🚀 Template Library: https://runeflow.co/templates" }, "typeVersion": 1 }, { "name": "On clicking 'execute'", "type": "n8n-nodes-base.manualTrigger", "position": [ 250, 300 ], "parameters": {}, "typeVersion": 1 }, { "name": "LingvaNex", "type": "n8n-nodes-base.lingvaNex", "position": [ 650, 300 ], "parameters": { "text": "={{$node[\"HTTP Request\"].json[\"drinks\"][0][\"strInstructions\"]}}", "options": {}, "translateTo": "it_IT" }, "credentials": { "lingvaNexApi": "LingvaNex" }, "typeVersion": 1 }, { "name": "HTTP Request", "type": "n8n-nodes-base.httpRequest", "position": [ 450, 300 ], "parameters": { "url": "https://www.thecocktaildb.com/api/json/v1/1/random.php", "options": {} }, "typeVersion": 1 } ], "active": false, "settings": {}, "connections": { "HTTP Request": { "main": [ [ { "node": "LingvaNex", "type": "main", "index": 0 } ] ] }, "On clicking 'execute'": { "main": [ [ { "node": "HTTP Request", "type": "main", "index": 0 } ] ] } }, "meta": { "RuneFlow": { "provider": "RuneFlow - Norse Automation Mastery", "contact": "bryan@runeflow.co", "website": "https://runeflow.co", "support": "", "category": "Forms & and & Surveys", "template_name": "automation_httprequest_manual_9" } }, "runeflow_category": "ᚦᚨ Task Management", "runeflow_description": "Workflow Orchestration", "runeflow_contact": "contact@runeflow.com", "runeflow_website": "https://runeflow.com", "runeflow_tagline": "Unlock the Power of Ancient Wisdom Through Modern Automation"
}