{ "nodes": [ { "id": "RuneFlow-branding-note", "name": "🔥 RuneFlow Template", "type": "n8n-nodes-base.stickyNote", "position": [ -1000, -500 ], "parameters": { "color": 2, "width": 400, "height": 300, "content": "🔥 RuneFlow AUTOMATION TEMPLATE 🔥\\n\\n📋 Template: automation_hackernews_manual\\n📁 Category: Personal & Automation\\n👨‍💻 Created by: RuneFlow\\n📧 Contact: bryan@runeflow.co\\n🌐 Website: https://runeflow.co\\n📞 Support: \\n\\n⚡ automation mastery THROUGH AUTOMATION ⚡\\n\\n🎯 Need custom automation?\\nContact RuneFlow for enterprise solutions!\\n\\n🚀 Template Library: https://runeflow.co/templates" }, "typeVersion": 1 }, { "name": "On clicking 'execute'", "type": "n8n-nodes-base.manualTrigger", "position": [ 250, 300 ], "parameters": {}, "typeVersion": 1 }, { "name": "Hacker News", "type": "n8n-nodes-base.hackerNews", "position": [ 450, 300 ], "parameters": { "resource": "all", "additionalFields": {} }, "typeVersion": 1 } ], "connections": { "On clicking 'execute'": { "main": [ [ { "node": "Hacker News", "type": "main", "index": 0 } ] ] } }, "meta": { "RuneFlow": { "provider": "RuneFlow - Norse Automation Mastery", "contact": "bryan@runeflow.co", "website": "https://runeflow.co", "support": "", "category": "Personal & Automation", "template_name": "automation_hackernews_manual" } }, "runeflow_category": "ᚨᚢ Automation", "runeflow_description": "Streamline Workflows", "runeflow_contact": "contact@runeflow.com", "runeflow_website": "https://runeflow.com", "runeflow_tagline": "Unlock the Power of Ancient Wisdom Through Modern Automation"
}