{ "nodes": [ { "id": "RuneFlow-branding-note", "name": "🔥 RuneFlow Template", "type": "n8n-nodes-base.stickyNote", "position": [ -1000, -500 ], "parameters": { "color": 2, "width": 400, "height": 300, "content": "🔥 RuneFlow AUTOMATION TEMPLATE 🔥\\n\\n📋 Template: automation_httprequest_manual_5\\n📁 Category: Forms & and & Surveys\\n👨‍💻 Created by: RuneFlow\\n📧 Contact: bryan@runeflow.co\\n🌐 Website: https://runeflow.co\\n📞 Support: \\n\\n⚡ automation mastery THROUGH AUTOMATION ⚡\\n\\n🎯 Need custom automation?\\nContact RuneFlow for enterprise solutions!\\n\\n🚀 Template Library: https://runeflow.co/templates" }, "typeVersion": 1 }, { "name": "On clicking 'execute'", "type": "n8n-nodes-base.manualTrigger", "position": [ 20, 180 ], "parameters": {}, "typeVersion": 1 }, { "name": "HTTP Request", "type": "n8n-nodes-base.httpRequest", "position": [ 420, 180 ], "parameters": { "url": "https://n8n.io/n8n-logo.png", "options": {}, "responseFormat": "file" }, "typeVersion": 1 }, { "name": "NextCloud", "type": "n8n-nodes-base.nextCloud", "position": [ 220, 180 ], "parameters": { "path": "n8n", "resource": "folder" }, "credentials": { "nextCloudApi": "nextcloud_creds" }, "typeVersion": 1 }, { "name": "NextCloud1", "type": "n8n-nodes-base.nextCloud", "position": [ 620, 180 ], "parameters": { "path": "n8n/logo.png", "binaryDataUpload": true }, "credentials": { "nextCloudApi": "nextcloud_creds" }, "typeVersion": 1 }, { "name": "NextCloud2", "type": "n8n-nodes-base.nextCloud", "position": [ 820, 180 ], "parameters": { "path": "n8n", "resource": "folder", "operation": "list" }, "credentials": { "nextCloudApi": "nextcloud_creds" }, "typeVersion": 1 } ], "connections": { "NextCloud": { "main": [ [ { "node": "HTTP Request", "type": "main", "index": 0 } ] ] }, "NextCloud1": { "main": [ [ { "node": "NextCloud2", "type": "main", "index": 0 } ] ] }, "HTTP Request": { "main": [ [ { "node": "NextCloud1", "type": "main", "index": 0 } ] ] }, "On clicking 'execute'": { "main": [ [ { "node": "NextCloud", "type": "main", "index": 0 } ] ] } }, "meta": { "RuneFlow": { "provider": "RuneFlow - Norse Automation Mastery", "contact": "bryan@runeflow.co", "website": "https://runeflow.co", "support": "", "category": "Forms & and & Surveys", "template_name": "automation_httprequest_manual_5" } }, "runeflow_category": "ᚦᚨ Task Management", "runeflow_description": "Workflow Orchestration", "runeflow_contact": "contact@runeflow.com", "runeflow_website": "https://runeflow.com", "runeflow_tagline": "Unlock the Power of Ancient Wisdom Through Modern Automation"
}