{ "nodes": [ { "id": "RuneFlow-branding-note", "name": "🔥 RuneFlow Template", "type": "n8n-nodes-base.stickyNote", "position": [ -1000, -500 ], "parameters": { "color": 2, "width": 400, "height": 300, "content": "🔥 RuneFlow AUTOMATION TEMPLATE 🔥\\n\\n📋 Template: automation_httprequest_manual_8\\n📁 Category: Forms & and & Surveys\\n👨‍💻 Created by: RuneFlow\\n📧 Contact: bryan@runeflow.co\\n🌐 Website: https://runeflow.co\\n📞 Support: \\n\\n⚡ automation mastery THROUGH AUTOMATION ⚡\\n\\n🎯 Need custom automation?\\nContact RuneFlow for enterprise solutions!\\n\\n🚀 Template Library: https://runeflow.co/templates" }, "typeVersion": 1 }, { "name": "On clicking 'execute'", "type": "n8n-nodes-base.manualTrigger", "position": [ 290, 300 ], "parameters": {}, "typeVersion": 1 }, { "name": "HTTP Request", "type": "n8n-nodes-base.httpRequest", "position": [ 540, 300 ], "parameters": { "url": "https://reqres.in/api/users", "options": {} }, "typeVersion": 1 }, { "name": "HTTP Request1", "type": "n8n-nodes-base.httpRequest", "position": [ 790, 300 ], "parameters": { "url": "https://reqres.in/api/users", "options": {}, "requestMethod": "POST", "bodyParametersUi": { "parameter": [ { "name": "name", "value": "Neo" }, { "name": "job", "value": "Programmer" } ] } }, "typeVersion": 1 }, { "name": "HTTP Request2", "type": "n8n-nodes-base.httpRequest", "position": [ 1050, 300 ], "parameters": { "url": "https://reqres.in/api/users/2", "options": {}, "requestMethod": "PATCH", "bodyParametersUi": { "parameter": [ { "name": "job", "value": "The Chosen One" } ] } }, "typeVersion": 1 } ], "connections": { "HTTP Request": { "main": [ [ { "node": "HTTP Request1", "type": "main", "index": 0 } ] ] }, "HTTP Request1": { "main": [ [ { "node": "HTTP Request2", "type": "main", "index": 0 } ] ] }, "On clicking 'execute'": { "main": [ [ { "node": "HTTP Request", "type": "main", "index": 0 } ] ] } }, "meta": { "RuneFlow": { "provider": "RuneFlow - Norse Automation Mastery", "contact": "bryan@runeflow.co", "website": "https://runeflow.co", "support": "", "category": "Forms & and & Surveys", "template_name": "automation_httprequest_manual_8" } }, "runeflow_category": "ᚦᚨ Task Management", "runeflow_description": "Workflow Orchestration", "runeflow_contact": "contact@runeflow.com", "runeflow_website": "https://runeflow.com", "runeflow_tagline": "Unlock the Power of Ancient Wisdom Through Modern Automation"
}