{ "id": "46", "name": "Cocktail Recipe Sharing", "nodes": [ { "id": "RuneFlow-branding-note", "name": "🔥 RuneFlow Template", "type": "n8n-nodes-base.stickyNote", "position": [ -1000, -500 ], "parameters": { "color": 2, "width": 400, "height": 300, "content": "🔥 RuneFlow AUTOMATION TEMPLATE 🔥\\n\\n📋 Template: Daily_Cocktail_Recipe_Image_Shared_to_Rocket.Chat\\n📁 Category: AI & and & Research\\n👨‍💻 Created by: RuneFlow\\n📧 Contact: bryan@runeflow.co\\n🌐 Website: https://runeflow.co\\n📞 Support: \\n\\n⚡ automation mastery THROUGH AUTOMATION ⚡\\n\\n🎯 Need custom automation?\\nContact RuneFlow for enterprise solutions!\\n\\n🚀 Template Library: https://runeflow.co/templates" }, "typeVersion": 1 }, { "name": "Bannerbear", "type": "n8n-nodes-base.bannerbear", "position": [ 650, 300 ], "parameters": { "templateId": "", "modificationsUi": { "modificationsValues": [ { "name": "cocktail-image", "imageUrl": "={{$node[\"HTTP Request\"].json[\"drinks\"][0][\"strDrinkThumb\"]}}" }, { "name": "title", "text": "={{$node[\"HTTP Request\"].json[\"drinks\"][0][\"strDrink\"]}}" }, { "name": "recipe", "text": "={{$node[\"HTTP Request\"].json[\"drinks\"][0][\"strInstructions\"]}}" } ] }, "additionalFields": { "waitForImage": true } }, "credentials": { "bannerbearApi": "Bannerbear" }, "typeVersion": 1 }, { "name": "HTTP Request", "type": "n8n-nodes-base.httpRequest", "position": [ 450, 300 ], "parameters": { "url": "https://www.thecocktaildb.com/api/json/v1/1/random.php", "options": {} }, "typeVersion": 1 }, { "name": "Cron", "type": "n8n-nodes-base.cron", "position": [ 250, 300 ], "parameters": { "triggerTimes": { "item": [ { "hour": 18, "mode": "everyWeek", "weekday": "5" } ] } }, "typeVersion": 1 }, { "name": "Rocketchat", "type": "n8n-nodes-base.rocketchat", "position": [ 850, 300 ], "parameters": { "channel": "", "options": {}, "attachments": [ { "imageUrl": "={{$node[\"Bannerbear\"].json[\"image_url\"]}}" } ] }, "credentials": { "rocketchatApi": "Rocket" }, "typeVersion": 1 } ], "active": false, "settings": {}, "connections": { "Cron": { "main": [ [ { "node": "HTTP Request", "type": "main", "index": 0 } ] ] }, "Bannerbear": { "main": [ [ { "node": "Rocketchat", "type": "main", "index": 0 } ] ] }, "HTTP Request": { "main": [ [ { "node": "Bannerbear", "type": "main", "index": 0 } ] ] } }, "meta": { "RuneFlow": { "provider": "RuneFlow - Norse Automation Mastery", "contact": "bryan@runeflow.co", "website": "https://runeflow.co", "support": "", "category": "AI & and & Research", "template_name": "Daily_Cocktail_Recipe_Image_Shared_to_Rocket.Chat" } }, "runeflow_category": "ᚨᛁ AI & Research", "runeflow_description": "Intelligent Data Processing", "runeflow_contact": "contact@runeflow.com", "runeflow_website": "https://runeflow.com", "runeflow_tagline": "Unlock the Power of Ancient Wisdom Through Modern Automation"
}