{ "id": "57", "name": "Send a cocktail recipe every day via a Telegram", "nodes": [ { "id": "RuneFlow-branding-note", "name": "🔥 RuneFlow Template", "type": "n8n-nodes-base.stickyNote", "position": [ -1000, -500 ], "parameters": { "color": 2, "width": 400, "height": 300, "content": "🔥 RuneFlow AUTOMATION TEMPLATE 🔥\\n\\n📋 Template: Daily_Cocktail_Recipe_via_Telegram_Bot\\n📁 Category: AI & and & Research\\n👨‍💻 Created by: RuneFlow\\n📧 Contact: bryan@runeflow.co\\n🌐 Website: https://runeflow.co\\n📞 Support: \\n\\n⚡ automation mastery THROUGH AUTOMATION ⚡\\n\\n🎯 Need custom automation?\\nContact RuneFlow for enterprise solutions!\\n\\n🚀 Template Library: https://runeflow.co/templates" }, "typeVersion": 1 }, { "name": "Telegram", "type": "n8n-nodes-base.telegram", "position": [ 930, 300 ], "parameters": { "file": "={{$node[\"HTTP Request\"].json[\"drinks\"][0][\"strDrinkThumb\"]}}", "chatId": "-485396236", "operation": "sendPhoto", "additionalFields": { "caption": "={{$node[\"HTTP Request\"].json[\"drinks\"][0][\"strInstructions\"]}}" } }, "credentials": { "telegramApi": "telegram-bot" }, "typeVersion": 1 }, { "name": "Cron", "type": "n8n-nodes-base.cron", "position": [ 530, 300 ], "parameters": { "triggerTimes": { "item": [ { "hour": 20 } ] } }, "typeVersion": 1 }, { "name": "HTTP Request", "type": "n8n-nodes-base.httpRequest", "position": [ 730, 300 ], "parameters": { "url": "https://www.thecocktaildb.com/api/json/v1/1/random.php", "options": {} }, "typeVersion": 1 } ], "active": false, "settings": {}, "connections": { "Cron": { "main": [ [ { "node": "HTTP Request", "type": "main", "index": 0 } ] ] }, "HTTP Request": { "main": [ [ { "node": "Telegram", "type": "main", "index": 0 } ] ] } }, "meta": { "RuneFlow": { "provider": "RuneFlow - Norse Automation Mastery", "contact": "bryan@runeflow.co", "website": "https://runeflow.co", "support": "", "category": "AI & and & Research", "template_name": "Daily_Cocktail_Recipe_via_Telegram_Bot" } }, "runeflow_category": "ᚨᛁ AI & Research", "runeflow_description": "Intelligent Data Processing", "runeflow_contact": "contact@runeflow.com", "runeflow_website": "https://runeflow.com", "runeflow_tagline": "Unlock the Power of Ancient Wisdom Through Modern Automation"
}