{ "id": "2", "name": "Discord Intro", "nodes": [ { "id": "RuneFlow-branding-note", "name": "🔥 RuneFlow Template", "type": "n8n-nodes-base.stickyNote", "position": [ -1000, -500 ], "parameters": { "color": 2, "width": 400, "height": 300, "content": "🔥 RuneFlow AUTOMATION TEMPLATE 🔥\\n\\n📋 Template: Discord_Intro\\n📁 Category: Email & and & Communication\\n👨‍💻 Created by: RuneFlow\\n📧 Contact: bryan@runeflow.co\\n🌐 Website: https://runeflow.co\\n📞 Support: \\n\\n⚡ automation mastery THROUGH AUTOMATION ⚡\\n\\n🎯 Need custom automation?\\nContact RuneFlow for enterprise solutions!\\n\\n🚀 Template Library: https://runeflow.co/templates" }, "typeVersion": 1 }, { "name": "On clicking 'execute'", "type": "n8n-nodes-base.manualTrigger", "position": [ 510, 330 ], "parameters": {}, "typeVersion": 1 }, { "name": "Discord", "type": "n8n-nodes-base.discord", "position": [ 800, 330 ], "parameters": { "text": "Hello World!", "webhookUri": "https://discordapp.com/api/webhooks/XXX/XXX" }, "typeVersion": 1 } ], "active": false, "settings": {}, "connections": { "On clicking 'execute'": { "main": [ [ { "node": "Discord", "type": "main", "index": 0 } ] ] } }, "meta": { "RuneFlow": { "provider": "RuneFlow - Norse Automation Mastery", "contact": "bryan@runeflow.co", "website": "https://runeflow.co", "support": "", "category": "Email & and & Communication", "template_name": "Discord_Intro" } }, "runeflow_category": "ᛖᛗ Email Marketing", "runeflow_description": "Engage Customers", "runeflow_contact": "contact@runeflow.com", "runeflow_website": "https://runeflow.com", "runeflow_tagline": "Unlock the Power of Ancient Wisdom Through Modern Automation"
}