{ "id": "48", "name": "Receive updates when an email is bounced or opened", "nodes": [ { "id": "RuneFlow-branding-note", "name": "🔥 RuneFlow Template", "type": "n8n-nodes-base.stickyNote", "position": [ -1000, -500 ], "parameters": { "color": 2, "width": 400, "height": 300, "content": "🔥 RuneFlow AUTOMATION TEMPLATE 🔥\\n\\n📋 Template: Email_Bounce_and_Open_Notifications_via_Postmark\\n📁 Category: AI & and & Research\\n👨‍💻 Created by: RuneFlow\\n📧 Contact: bryan@runeflow.co\\n🌐 Website: https://runeflow.co\\n📞 Support: \\n\\n⚡ automation mastery THROUGH AUTOMATION ⚡\\n\\n🎯 Need custom automation?\\nContact RuneFlow for enterprise solutions!\\n\\n🚀 Template Library: https://runeflow.co/templates" }, "typeVersion": 1 }, { "name": "Postmark Trigger", "type": "n8n-nodes-base.postmarkTrigger", "position": [ 690, 260 ], "webhookId": "1422ac7a-62ba-4f7c-8e22-4e8ecb4950ce", "parameters": { "events": [ "bounce", "open" ], "includeContent": true }, "credentials": { "postmarkApi": "postmark" }, "typeVersion": 1 } ], "active": false, "settings": {}, "connections": { "Postmark Trigger": { "main": [ [] ] } }, "meta": { "RuneFlow": { "provider": "RuneFlow - Norse Automation Mastery", "contact": "bryan@runeflow.co", "website": "https://runeflow.co", "support": "", "category": "AI & and & Research", "template_name": "Email_Bounce_and_Open_Notifications_via_Postmark" } }, "runeflow_category": "ᚨᛁ AI & Research", "runeflow_description": "Intelligent Data Processing", "runeflow_contact": "contact@runeflow.com", "runeflow_website": "https://runeflow.com", "runeflow_tagline": "Unlock the Power of Ancient Wisdom Through Modern Automation"
}