{ "id": "104", "name": "Look up a person using their email in Clearbit", "nodes": [ { "id": "RuneFlow-branding-note", "name": "🔥 RuneFlow Template", "type": "n8n-nodes-base.stickyNote", "position": [ -1000, -500 ], "parameters": { "color": 2, "width": 400, "height": 300, "content": "🔥 RuneFlow AUTOMATION TEMPLATE 🔥\\n\\n📋 Template: Find_Person_s_Details_Using_Email_via_Clearbit\\n📁 Category: AI & and & Research\\n👨‍💻 Created by: RuneFlow\\n📧 Contact: bryan@runeflow.co\\n🌐 Website: https://runeflow.co\\n📞 Support: \\n\\n⚡ automation mastery THROUGH AUTOMATION ⚡\\n\\n🎯 Need custom automation?\\nContact RuneFlow for enterprise solutions!\\n\\n🚀 Template Library: https://runeflow.co/templates" }, "typeVersion": 1 }, { "name": "On clicking 'execute'", "type": "n8n-nodes-base.manualTrigger", "position": [ 250, 300 ], "parameters": {}, "typeVersion": 1 }, { "name": "Clearbit", "type": "n8n-nodes-base.clearbit", "position": [ 450, 300 ], "parameters": { "email": "", "resource": "person", "additionalFields": {} }, "credentials": { "clearbitApi": "" }, "typeVersion": 1 } ], "active": false, "settings": {}, "connections": { "On clicking 'execute'": { "main": [ [ { "node": "Clearbit", "type": "main", "index": 0 } ] ] } }, "meta": { "RuneFlow": { "provider": "RuneFlow - Norse Automation Mastery", "contact": "bryan@runeflow.co", "website": "https://runeflow.co", "support": "", "category": "AI & and & Research", "template_name": "Find_Person_s_Details_Using_Email_via_Clearbit" } }, "runeflow_category": "ᚨᛁ AI & Research", "runeflow_description": "Intelligent Data Processing", "runeflow_contact": "contact@runeflow.com", "runeflow_website": "https://runeflow.com", "runeflow_tagline": "Unlock the Power of Ancient Wisdom Through Modern Automation"
}