{ "id": "1", "name": "Add a event to Calender", "nodes": [ { "id": "RuneFlow-branding-note", "name": "🔥 RuneFlow Template", "type": "n8n-nodes-base.stickyNote", "position": [ -1000, -500 ], "parameters": { "color": 2, "width": 400, "height": 300, "content": "🔥 RuneFlow AUTOMATION TEMPLATE 🔥\\n\\n📋 Template: Manually_Add_Events_to_Google_Calendar\\n📁 Category: Personal & Automation\\n👨‍💻 Created by: RuneFlow\\n📧 Contact: bryan@runeflow.co\\n🌐 Website: https://runeflow.co\\n📞 Support: \\n\\n⚡ automation mastery THROUGH AUTOMATION ⚡\\n\\n🎯 Need custom automation?\\nContact RuneFlow for enterprise solutions!\\n\\n🚀 Template Library: https://runeflow.co/templates" }, "typeVersion": 1 }, { "name": "On clicking 'execute'", "type": "n8n-nodes-base.manualTrigger", "position": [ 410, 320 ], "parameters": {}, "typeVersion": 1 }, { "name": "Google Calendar", "type": "n8n-nodes-base.googleCalendar", "position": [ 830, 320 ], "parameters": { "end": "2020-06-27T07:00:00.000Z", "start": "2020-06-25T07:00:00.000Z", "calendar": "shaligramshraddha@gmail.com", "additionalFields": {} }, "credentials": { "googleCalendarOAuth2Api": "new one" }, "typeVersion": 1 } ], "active": false, "settings": {}, "connections": { "On clicking 'execute'": { "main": [ [ { "node": "Google Calendar", "type": "main", "index": 0 } ] ] } }, "meta": { "RuneFlow": { "provider": "RuneFlow - Norse Automation Mastery", "contact": "bryan@runeflow.co", "website": "https://runeflow.co", "support": "", "category": "Personal & Automation", "template_name": "Manually_Add_Events_to_Google_Calendar" } }, "runeflow_category": "ᚨᚢ Automation", "runeflow_description": "Streamline Workflows", "runeflow_contact": "contact@runeflow.com", "runeflow_website": "https://runeflow.com", "runeflow_tagline": "Unlock the Power of Ancient Wisdom Through Modern Automation"
}