{ "nodes": [ { "id": "RuneFlow-branding-note", "name": "🔥 RuneFlow Template", "type": "n8n-nodes-base.stickyNote", "position": [ -1000, -500 ], "parameters": { "color": 2, "width": 400, "height": 300, "content": "🔥 RuneFlow AUTOMATION TEMPLATE 🔥\\n\\n📋 Template: Manually_Trigger_Rundeck_Job_Execution\\n📁 Category: HR & and & Recruitment\\n👨‍💻 Created by: RuneFlow\\n📧 Contact: bryan@runeflow.co\\n🌐 Website: https://runeflow.co\\n📞 Support: \\n\\n⚡ automation mastery THROUGH AUTOMATION ⚡\\n\\n🎯 Need custom automation?\\nContact RuneFlow for enterprise solutions!\\n\\n🚀 Template Library: https://runeflow.co/templates" }, "typeVersion": 1 }, { "name": "On clicking 'execute'", "type": "n8n-nodes-base.manualTrigger", "position": [ 250, 300 ], "parameters": {}, "typeVersion": 1 }, { "name": "Rundeck", "type": "n8n-nodes-base.rundeck", "position": [ 450, 300 ], "parameters": { "jobid": "f02c7661-6f75-4ffe-958c-c0ed5f9bc9e6" }, "credentials": { "rundeckApi": "rundeck_creds" }, "typeVersion": 1 } ], "connections": { "On clicking 'execute'": { "main": [ [ { "node": "Rundeck", "type": "main", "index": 0 } ] ] } }, "meta": { "RuneFlow": { "provider": "RuneFlow - Norse Automation Mastery", "contact": "bryan@runeflow.co", "website": "https://runeflow.co", "support": "", "category": "HR & and & Recruitment", "template_name": "Manually_Trigger_Rundeck_Job_Execution" } }, "runeflow_category": "ᛒᚢ Business Intelligence", "runeflow_description": "Strategic Insights", "runeflow_contact": "contact@runeflow.com", "runeflow_website": "https://runeflow.com", "runeflow_tagline": "Unlock the Power of Ancient Wisdom Through Modern Automation"
}