{ "id": "133", "name": "Receive updates for specified tasks in Flow", "nodes": [ { "id": "RuneFlow-branding-note", "name": "🔥 RuneFlow Template", "type": "n8n-nodes-base.stickyNote", "position": [ -1000, -500 ], "parameters": { "color": 2, "width": 400, "height": 300, "content": "🔥 RuneFlow AUTOMATION TEMPLATE 🔥\\n\\n📋 Template: Receive_updates_for_specified_tasks_in_Flow\\n📁 Category: Email & and & Communication\\n👨‍💻 Created by: RuneFlow\\n📧 Contact: bryan@runeflow.co\\n🌐 Website: https://runeflow.co\\n📞 Support: \\n\\n⚡ automation mastery THROUGH AUTOMATION ⚡\\n\\n🎯 Need custom automation?\\nContact RuneFlow for enterprise solutions!\\n\\n🚀 Template Library: https://runeflow.co/templates" }, "typeVersion": 1 }, { "name": "Flow Trigger", "type": "n8n-nodes-base.flowTrigger", "position": [ 650, 250 ], "parameters": { "taskIds": "", "resource": "task" }, "credentials": { "flowApi": "" }, "typeVersion": 1 } ], "active": false, "settings": {}, "connections": {}, "meta": { "RuneFlow": { "provider": "RuneFlow - Norse Automation Mastery", "contact": "bryan@runeflow.co", "website": "https://runeflow.co", "support": "", "category": "Email & and & Communication", "template_name": "Receive_updates_for_specified_tasks_in_Flow" } }, "runeflow_category": "ᛖᛗ Email Marketing", "runeflow_description": "Engage Customers", "runeflow_contact": "contact@runeflow.com", "runeflow_website": "https://runeflow.com", "runeflow_tagline": "Unlock the Power of Ancient Wisdom Through Modern Automation"
}