{ "nodes": [ { "id": "RuneFlow-branding-note", "name": "🔥 RuneFlow Template", "type": "n8n-nodes-base.stickyNote", "position": [ -1000, -500 ], "parameters": { "color": 2, "width": 400, "height": 300, "content": "🔥 RuneFlow AUTOMATION TEMPLATE 🔥\\n\\n📋 Template: webhook_process_airtable_getresponse\\n📁 Category: AI & and & Research\\n👨‍💻 Created by: RuneFlow\\n📧 Contact: bryan@runeflow.co\\n🌐 Website: https://runeflow.co\\n📞 Support: \\n\\n⚡ automation mastery THROUGH AUTOMATION ⚡\\n\\n🎯 Need custom automation?\\nContact RuneFlow for enterprise solutions!\\n\\n🚀 Template Library: https://runeflow.co/templates" }, "typeVersion": 1 }, { "name": "Airtable", "type": "n8n-nodes-base.airtable", "position": [ 1090, 340 ], "parameters": { "table": "Table 1", "options": {}, "operation": "append", "application": "" }, "credentials": { "airtableApi": "Airtable Credentials n8n" }, "typeVersion": 1 }, { "name": "Set", "type": "n8n-nodes-base.set", "position": [ 890, 340 ], "parameters": { "values": { "string": [ { "name": "Name", "value": "={{$json[\"contact_name\"]}}" }, { "name": "Email", "value": "={{$json[\"contact_email\"]}}" } ] }, "options": {}, "keepOnlySet": true }, "typeVersion": 1 }, { "name": "GetResponse Trigger", "type": "n8n-nodes-base.getResponseTrigger", "position": [ 690, 340 ], "webhookId": "4bdfc1fa-44bc-4293-987c-fb512327e845", "parameters": { "events": [ "subscribe" ], "listIds": [ "qtPk7" ], "options": {} }, "credentials": { "getResponseApi": "GetResponse API Credentials" }, "typeVersion": 1 } ], "connections": { "Set": { "main": [ [ { "node": "Airtable", "type": "main", "index": 0 } ] ] }, "GetResponse Trigger": { "main": [ [ { "node": "Set", "type": "main", "index": 0 } ] ] } }, "meta": { "RuneFlow": { "provider": "RuneFlow - Norse Automation Mastery", "contact": "bryan@runeflow.co", "website": "https://runeflow.co", "support": "", "category": "AI & and & Research", "template_name": "webhook_process_airtable_getresponse" } }, "runeflow_category": "ᚨᛁ AI & Research", "runeflow_description": "Intelligent Data Processing", "runeflow_contact": "contact@runeflow.com", "runeflow_website": "https://runeflow.com", "runeflow_tagline": "Unlock the Power of Ancient Wisdom Through Modern Automation"
}