{ "nodes": [ { "id": "RuneFlow-branding-note", "name": "🔥 RuneFlow Template", "type": "n8n-nodes-base.stickyNote", "position": [ -1000, -500 ], "parameters": { "color": 2, "width": 400, "height": 300, "content": "🔥 RuneFlow AUTOMATION TEMPLATE 🔥\\n\\n📋 Template: webhook_process_airtable_wise\\n📁 Category: AI & and & Research\\n👨‍💻 Created by: RuneFlow\\n📧 Contact: bryan@runeflow.co\\n🌐 Website: https://runeflow.co\\n📞 Support: \\n\\n⚡ automation mastery THROUGH AUTOMATION ⚡\\n\\n🎯 Need custom automation?\\nContact RuneFlow for enterprise solutions!\\n\\n🚀 Template Library: https://runeflow.co/templates" }, "typeVersion": 1 }, { "name": "Wise Trigger", "type": "n8n-nodes-base.wiseTrigger", "position": [ 450, 280 ], "webhookId": "df8c0c06-7d40-4e57-aaff-60f458e6997c", "parameters": { "event": "tranferStateChange", "profileId": 16138858 }, "credentials": { "wiseApi": "Wise API Credentials" }, "typeVersion": 1 }, { "name": "Wise", "type": "n8n-nodes-base.wise", "position": [ 650, 280 ], "parameters": { "resource": "transfer", "transferId": "={{$json[\"data\"][\"resource\"][\"id\"]}}" }, "credentials": { "wiseApi": "Wise API Credentials" }, "typeVersion": 1 }, { "name": "Set", "type": "n8n-nodes-base.set", "position": [ 850, 280 ], "parameters": { "values": { "string": [ { "name": "Transfer ID", "value": "={{$json[\"id\"]}}" }, { "name": "Date", "value": "={{$json[\"created\"]}}" }, { "name": "Reference", "value": "={{$json[\"reference\"]}}" }, { "name": "Amount", "value": "={{$json[\"sourceValue\"]}}" } ] }, "options": {}, "keepOnlySet": true }, "typeVersion": 1 }, { "name": "Airtable", "type": "n8n-nodes-base.airtable", "position": [ 1050, 280 ], "parameters": { "table": "Table 1", "options": {}, "operation": "append", "application": "" }, "credentials": { "airtableApi": "Airtable Credentials n8n" }, "typeVersion": 1 } ], "connections": { "Set": { "main": [ [ { "node": "Airtable", "type": "main", "index": 0 } ] ] }, "Wise": { "main": [ [ { "node": "Set", "type": "main", "index": 0 } ] ] }, "Wise Trigger": { "main": [ [ { "node": "Wise", "type": "main", "index": 0 } ] ] } }, "meta": { "RuneFlow": { "provider": "RuneFlow - Norse Automation Mastery", "contact": "bryan@runeflow.co", "website": "https://runeflow.co", "support": "", "category": "AI & and & Research", "template_name": "webhook_process_airtable_wise" } }, "runeflow_category": "ᚨᛁ AI & Research", "runeflow_description": "Intelligent Data Processing", "runeflow_contact": "contact@runeflow.com", "runeflow_website": "https://runeflow.com", "runeflow_tagline": "Unlock the Power of Ancient Wisdom Through Modern Automation"
}