{ "nodes": [ { "id": "RuneFlow-branding-note", "name": "🔥 RuneFlow Template", "type": "n8n-nodes-base.stickyNote", "position": [ -1000, -500 ], "parameters": { "color": 2, "width": 400, "height": 300, "content": "🔥 RuneFlow AUTOMATION TEMPLATE 🔥\\n\\n📋 Template: webhook_process_airtable_autopilot\\n📁 Category: AI & and & Research\\n👨‍💻 Created by: RuneFlow\\n📧 Contact: bryan@runeflow.co\\n🌐 Website: https://runeflow.co\\n📞 Support: \\n\\n⚡ automation mastery THROUGH AUTOMATION ⚡\\n\\n🎯 Need custom automation?\\nContact RuneFlow for enterprise solutions!\\n\\n🚀 Template Library: https://runeflow.co/templates" }, "typeVersion": 1 }, { "name": "Autopilot Trigger", "type": "n8n-nodes-base.autopilotTrigger", "position": [ 470, 200 ], "webhookId": "d7aa9691-49cb-4b01-8ecc-9a38fd708cf2", "parameters": { "event": "contactAdded" }, "credentials": { "autopilotApi": "Autopilot API Credentials" }, "typeVersion": 1 }, { "name": "Set", "type": "n8n-nodes-base.set", "position": [ 670, 200 ], "parameters": { "values": { "string": [ { "name": "First Name", "value": "={{$json[\"contact\"][\"FirstName\"]}}" }, { "name": "Last Name", "value": "={{$json[\"contact\"][\"LastName\"]}}" }, { "name": "Email", "value": "={{$json[\"contact\"][\"Email\"]}}" } ] }, "options": {}, "keepOnlySet": true }, "typeVersion": 1 }, { "name": "Airtable", "type": "n8n-nodes-base.airtable", "position": [ 870, 200 ], "parameters": { "table": "Table 1", "options": {}, "operation": "append", "application": "appflT9EkWRGsSFM2" }, "credentials": { "airtableApi": "Airtable Credentials n8n" }, "typeVersion": 1 } ], "connections": { "Set": { "main": [ [ { "node": "Airtable", "type": "main", "index": 0 } ] ] }, "Autopilot Trigger": { "main": [ [ { "node": "Set", "type": "main", "index": 0 } ] ] } }, "meta": { "RuneFlow": { "provider": "RuneFlow - Norse Automation Mastery", "contact": "bryan@runeflow.co", "website": "https://runeflow.co", "support": "", "category": "AI & and & Research", "template_name": "webhook_process_airtable_autopilot" } }, "runeflow_category": "ᚨᛁ AI & Research", "runeflow_description": "Intelligent Data Processing", "runeflow_contact": "contact@runeflow.com", "runeflow_website": "https://runeflow.com", "runeflow_tagline": "Unlock the Power of Ancient Wisdom Through Modern Automation"
}