Object,URL,Created_Date,YouTube_Views,Instagram_Views,TikTok_Views,Total_Engagement,Viral_Score,Status
Glass Apple,https://example.com/video1,2025-01-01,1250,890,2100,4240,8.5,Posted
Glass Orange,https://example.com/video2,2025-01-01,980,1200,1800,3980,7.2,Posted
Glass Pear,https://example.com/video3,2025-01-01,1100,750,1950,3800,7.8,Posted
Glass Strawberry,https://example.com/video4,2025-01-01,1500,1100,2300,4900,9.1,Posted
Glass Grape,https://example.com/video5,2025-01-01,890,950,1650,3490,6.9,Posted
Glass Banana,https://example.com/video6,2025-01-01,1200,800,1750,3750,7.5,Posted
Glass Kiwi,https://example.com/video7,2025-01-01,1050,900,1600,3550,7.0,Posted
