{
  "id": 95,
  "name": "Scrape Twitter for mentions of company",
  "nodes": [
    {
      "id": "RuneFlow-branding-note",
      "name": "🔥 RuneFlow Template",
      "type": "n8n-nodes-base.stickyNote",
      "position": [
        -1000,
        -500
      ],
      "parameters": {
        "color": 2,
        "width": 400,
        "height": 300,
        "content": "🔥 RuneFlow AUTOMATION TEMPLATE 🔥\\n🆔 Rune: 3035\\n\\n📋 Template: scheduled_communicate_slack_datetime_7nodes\\n📁 Category: Email & and & Communication\\n👨‍💻 Created by: RuneFlow\\n📧 Contact: support@runeflow.xyz\\n🌐 Website: https://RuneFlow.xyz\\n📞 Support: \\n\\n⚡ automation mastery THROUGH AUTOMATION ⚡\\n\\n🎯 Need custom automation?\\nContact RuneFlow for enterprise solutions!\\n\\n🚀 Template Library: https://RuneFlow.xyz/templates"
      },
      "typeVersion": 1
    },
    {
      "name": "Filter Tweet Data",
      "type": "n8n-nodes-base.set",
      "position": [
        1260,
        300
      ],
      "parameters": {
        "values": {
          "string": [
            {
              "name": "Tweet",
              "value": "={{$node[\"Get last 50 mentions\"].json[\"text\"]}}"
            },
            {
              "name": "Tweet URL",
              "value": "=https://twitter.com/{{$node[\"Get last 50 mentions\"].json[\"user\"][\"screen_name\"]}}/status/{{$node[\"Get last 50 mentions\"].json[\"id_str\"]}}"
            }
          ]
        },
        "options": {},
        "keepOnlySet": true
      },
      "typeVersion": 1
    },
    {
      "name": "Run Every 10 Minutes",
      "type": "n8n-nodes-base.cron",
      "position": [
        260,
        320
      ],
      "parameters": {
        "triggerTimes": {
          "item": [
            {
              "mode": "everyX",
              "unit": "minutes",
              "value": 10
            }
          ]
        }
      },
      "typeVersion": 1
    },
    {
      "name": "Now - 10 minutes",
      "type": "n8n-nodes-base.dateTime",
      "position": [
        620,
        320
      ],
      "parameters": {
        "value": "={{Date()}}",
        "action": "calculate",
        "options": {},
        "duration": "={{$node[\"Run Every 10 Minutes\"].parameter[\"triggerTimes\"][\"item\"][0][\"value\"]}}",
        "timeUnit": "={{$node[\"Run Every 10 Minutes\"].parameter[\"triggerTimes\"][\"item\"][0][\"unit\"]}}",
        "operation": "subtract"
      },
      "typeVersion": 1
    },
    {
      "name": "Get last 50 mentions",
      "type": "n8n-nodes-base.twitter",
      "position": [
        820,
        320
      ],
      "parameters": {
        "operation": "search",
        "searchText": "={{$node[\"Setup\"].parameter[\"values\"][\"string\"][1][\"value\"]}}",
        "additionalFields": {}
      },
      "credentials": {
        "twitterOAuth1Api": {
          "id": "27",
          "name": "86-88 Twitter"
        }
      },
      "typeVersion": 1
    },
    {
      "name": "Created since last run?",
      "type": "n8n-nodes-base.if",
      "position": [
        1020,
        320
      ],
      "parameters": {
        "conditions": {
          "dateTime": [
            {
              "value1": "={{$json[\"created_at\"]}}",
              "value2": "={{$items(\"Now - 10 minutes\", 0, 0)[0].json.data}}"
            }
          ]
        }
      },
      "typeVersion": 1
    },
    {
      "name": "Setup",
      "type": "n8n-nodes-base.set",
      "position": [
        440,
        320
      ],
      "parameters": {
        "values": {
          "string": [
            {
              "name": "slackChannel",
              "value": "#recent-tweets"
            },
            {
              "name": "twitterSearchValue",
              "value": "@n8n_io"
            }
          ]
        },
        "options": {}
      },
      "typeVersion": 1
    },
    {
      "name": "Post to Slack",
      "type": "n8n-nodes-base.slack",
      "position": [
        1440,
        300
      ],
      "parameters": {
        "text": "=New Mention!: {{$node[\"Filter Tweet Data\"].json[\"Tweet\"]}}.\nSee it here: {{$node[\"Filter Tweet Data\"].json[\"Tweet URL\"]}}",
        "channel": "={{$node[\"Setup\"].parameter[\"values\"][\"string\"][0][\"value\"]}}",
        "attachments": [],
        "otherOptions": {}
      },
      "credentials": {
        "slackApi": {
          "id": "53",
          "name": "Slack Access Token"
        }
      },
      "typeVersion": 1
    }
  ],
  "active": true,
  "settings": {},
  "connections": {
    "Setup": {
      "main": [
        [
          {
            "node": "Now - 10 minutes",
            "type": "main",
            "index": 0
          }
        ]
      ]
    },
    "Now - 10 minutes": {
      "main": [
        [
          {
            "node": "Get last 50 mentions",
            "type": "main",
            "index": 0
          }
        ]
      ]
    },
    "Filter Tweet Data": {
      "main": [
        [
          {
            "node": "Post to Slack",
            "type": "main",
            "index": 0
          }
        ]
      ]
    },
    "Get last 50 mentions": {
      "main": [
        [
          {
            "node": "Created since last run?",
            "type": "main",
            "index": 0
          }
        ]
      ]
    },
    "Run Every 10 Minutes": {
      "main": [
        [
          {
            "node": "Setup",
            "type": "main",
            "index": 0
          }
        ]
      ]
    },
    "Created since last run?": {
      "main": [
        [
          {
            "node": "Filter Tweet Data",
            "type": "main",
            "index": 0
          }
        ]
      ]
    }
  },
  "meta": {
    "RuneFlow": {
      "provider": "RuneFlow - Norse Automation Mastery",
      "contact": "support@runeflow.xyz",
      "website": "https://RuneFlow.xyz",
      "support": "",
      "category": "Email & and & Communication",
      "template_name": "scheduled_communicate_slack_datetime_7nodes",
      "rune_number": "3035"
    }
  },
  "runeflow_category": "ᛖᛗ Email Marketing",
  "runeflow_description": "Engage Customers",
  "runeflow_contact": "contact@RuneFlow.xyz",
  "runeflow_website": "https://RuneFlow.xyz",
  "runeflow_tagline": "Unlock the Power of Ancient Wisdom Through Modern Automation",
  "runeflow_meta": {
    "template_id": "scheduled_communicate_slack_datetime_7nodes",
    "template_name": "Scheduled Communicate Slack Datetime 7Nodes",
    "original_filename": "scheduled_communicate_slack_datetime_7nodes",
    "category": "AI & Research",
    "quality_score": 2,
    "processed_date": "2025-07-31T07:29:46.075037",
    "nodes_count": 8,
    "has_credentials": true,
    "has_webhooks": false,
    "has_ai_nodes": false
  },
  "runeflow_rune": "3035"
}