{
  "nodes": [
    {
      "id": "RuneFlow-branding-note",
      "name": "🔥 RuneFlow Template",
      "type": "n8n-nodes-base.stickyNote",
      "position": [
        -1000,
        -500
      ],
      "parameters": {
        "color": 2,
        "width": 400,
        "height": 300,
        "content": "🔥 RuneFlow AUTOMATION TEMPLATE 🔥\\n🆔 Rune: 5375\\n\\n📋 Template: LinkedIn_Post_to_External_API_Trigger\\n📁 Category: Social & Media\\n👨‍💻 Created by: RuneFlow\\n📧 Contact: support@runeflow.xyz\\n🌐 Website: https://RuneFlow.xyz\\n📞 Support: \\n\\n⚡ automation mastery THROUGH AUTOMATION ⚡\\n\\n🎯 Need custom automation?\\nContact RuneFlow for enterprise solutions!\\n\\n🚀 Template Library: https://RuneFlow.xyz/templates"
      },
      "typeVersion": 1
    },
    {
      "name": "On clicking 'execute'",
      "type": "n8n-nodes-base.manualTrigger",
      "position": [
        250,
        300
      ],
      "parameters": {},
      "typeVersion": 1
    },
    {
      "name": "HTTP Request",
      "type": "n8n-nodes-base.httpRequest",
      "position": [
        440,
        300
      ],
      "parameters": {
        "url": "https://n8n.io/n8n-logo.png",
        "options": {},
        "responseFormat": "file"
      },
      "typeVersion": 1
    },
    {
      "name": "LinkedIn",
      "type": "n8n-nodes-base.linkedIn",
      "position": [
        640,
        300
      ],
      "parameters": {
        "text": "this is a test image post",
        "person": "gZG0JALzuy",
        "postAs": "person",
        "additionalFields": {},
        "shareMediaCategory": "IMAGE"
      },
      "credentials": {
        "linkedInOAuth2Api": "linkedin_demo"
      },
      "typeVersion": 1
    }
  ],
  "connections": {
    "HTTP Request": {
      "main": [
        [
          {
            "node": "LinkedIn",
            "type": "main",
            "index": 0
          }
        ]
      ]
    },
    "On clicking 'execute'": {
      "main": [
        [
          {
            "node": "HTTP Request",
            "type": "main",
            "index": 0
          }
        ]
      ]
    }
  },
  "meta": {
    "RuneFlow": {
      "provider": "RuneFlow - Norse Automation Mastery",
      "contact": "support@runeflow.xyz",
      "website": "https://RuneFlow.xyz",
      "support": "",
      "category": "Social & Media",
      "template_name": "LinkedIn_Post_to_External_API_Trigger",
      "rune_number": "5375"
    }
  },
  "runeflow_category": "ᛊᛟ Social Media",
  "runeflow_description": "Content Distribution",
  "runeflow_contact": "contact@RuneFlow.xyz",
  "runeflow_website": "https://RuneFlow.xyz",
  "runeflow_tagline": "Unlock the Power of Ancient Wisdom Through Modern Automation",
  "runeflow_rune": "5375"
}