{
  "name": "Ansuz - The Messenger",
  "nodes": [
    {
      "parameters": {
        "httpMethod": "POST",
        "path": "email-signup",
        "responseMode": "responseNode",
        "options": {}
      },
      "id": "0a6e2c7d-6e1c-4e1a-9b2f-1c3d4e5f6a7b",
      "name": "Email Signup Webhook",
      "type": "n8n-nodes-base.webhook",
      "typeVersion": 1,
      "position": [
        240,
        300
      ],
      "webhookId": "runef1ow-email-signup-webhook"
    },
    {
      "parameters": {
        "amount": 5,
        "unit": "minutes"
      },
      "id": "1b7f3d8e-7f2d-5f2b-ac3g-2d4e5f6g7h8i",
      "name": "Welcome Delay",
      "type": "n8n-nodes-base.wait",
      "typeVersion": 1,
      "position": [
        460,
        300
      ]
    },
    {
      "parameters": {
        "sendTo": "={{ $json.email }}",
        "subject": "Welcome to RuneFlow, {{ $json.name }}!",
        "message": "=<html>\n<body style=\"font-family: Arial, sans-serif; background-color: #0a0a0a; color: #e0e1dd; padding: 20px;\">\n  <div style=\"max-width: 600px; margin: 0 auto; background: linear-gradient(135deg, #1a1a1a 0%, #2a2a2a 100%); border-radius: 15px; padding: 40px; border: 2px solid #ff6b35;\">\n    <h1 style=\"color: #ff6b35; text-align: center; font-size: 2.5rem; margin-bottom: 20px;\">ᚱᚢᚾᛖᚠᛚᛟᚹ</h1>\n    <h2 style=\"color: #d4af37; text-align: center; margin-bottom: 30px;\">Welcome, {{ $json.name }}!</h2>\n    \n    <p style=\"font-size: 1.1rem; line-height: 1.6; margin-bottom: 20px;\">The ancient runes have spoken, and your automation journey begins now.</p>\n    \n    <div style=\"background: rgba(255, 107, 53, 0.1); border-left: 4px solid #ff6b35; padding: 20px; margin: 30px 0; border-radius: 8px;\">\n      <h3 style=\"color: #ff6b35; margin-bottom: 15px;\">🎯 Your Starter Rune \"Ansuz\" is Ready!</h3>\n      <p>You've just received one of our most powerful email automation templates. This workflow will help you:</p>\n      <ul style=\"margin: 15px 0; padding-left: 20px;\">\n        <li>Automatically welcome new subscribers</li>\n        <li>Tag contacts in your CRM</li>\n        <li>Trigger follow-up sequences</li>\n        <li>Track engagement metrics</li>\n      </ul>\n    </div>\n    \n    <div style=\"text-align: center; margin: 40px 0;\">\n      <a href=\"https://runeflow.co/dashboard\" style=\"background: linear-gradient(135deg, #ff6b35, #d4af37); color: white; padding: 15px 30px; text-decoration: none; border-radius: 25px; font-weight: bold; display: inline-block;\">Access Your Dashboard</a>\n    </div>\n    \n    <div style=\"border-top: 1px solid #333; padding-top: 30px; margin-top: 30px;\">\n      <h3 style=\"color: #d4af37; margin-bottom: 20px;\">🔥 Founding Member Benefits Await</h3>\n      <p>As one of our early supporters, you'll get exclusive access to:</p>\n      <ul style=\"margin: 15px 0; padding-left: 20px;\">\n        <li>2,500+ templates at launch (50% off)</li>\n        <li>Priority support from our masters</li>\n        <li>Monthly rune drops with new templates</li>\n        <li>Exclusive Discord community access</li>\n      </ul>\n    </div>\n    \n    <div style=\"text-align: center; margin-top: 40px; padding-top: 20px; border-top: 1px solid #333;\">\n      <p style=\"color: #888; font-size: 0.9rem;\">May the runes guide your automation journey,<br>The RuneFlow Team</p>\n    </div>\n  </div>\n</body>\n</html>",
        "options": {
          "allowUnauthorizedCerts": true,
          "replyTo": "support@runeflow.co"
        }
      },
      "id": "2c8g4e9f-8g3e-6g3c-bd4h-3e5f6g7h8i9j",
      "name": "Welcome Email",
      "type": "n8n-nodes-base.emailSend",
      "typeVersion": 1,
      "position": [
        680,
        300
      ]
    },
    {
      "parameters": {
        "resource": "contact",
        "operation": "create",
        "additionalFields": {
          "customFields": {
            "customFieldsValues": [
              {
                "fieldId": "subscription_source",
                "value": "runeflow_starter_pack"
              },
              {
                "fieldId": "signup_date",
                "value": "={{ $now }}"
              }
            ]
          },
          "tags": "new-subscriber,starter-pack,runeflow-founder"
        },
        "email": "={{ $json.email }}",
        "firstName": "={{ $json.name.split(' ')[0] }}",
        "lastName": "={{ $json.name.split(' ')[1] || '' }}"
      },
      "id": "3d9h5f0g-9h4f-7h4d-ce5i-4f6g7h8i9j0k",
      "name": "Add to CRM",
      "type": "n8n-nodes-base.hubspot",
      "typeVersion": 1,
      "position": [
        900,
        300
      ]
    },
    {
      "parameters": {
        "resource": "message",
        "operation": "sendMessage",
        "channel": "founder-alerts",
        "text": "🎯 New Starter Pack Download!\n\n**Email:** {{ $json.email }}\n**Name:** {{ $json.name }}\n**Source:** Coming Soon Page\n**Timestamp:** {{ $now }}\n\n*Total signups this week: {{ $json.weekly_count || 'N/A' }}*",
        "otherOptions": {
          "mrkdwn": true
        }
      },
      "id": "4e0i6g1h-0i5g-8i5e-df6j-5g7h8i9j0k1l",
      "name": "Slack Notification",
      "type": "n8n-nodes-base.slack",
      "typeVersion": 1,
      "position": [
        1120,
        300
      ]
    },
    {
      "parameters": {
        "conditions": {
          "string": [
            {
              "value1": "={{ $json.email }}",
              "operation": "contains",
              "value2": "@gmail.com"
            }
          ]
        }
      },
      "id": "5f1j7h2i-1j6h-9j6f-eg7k-6h8i9j0k1l2m",
      "name": "Check Email Domain",
      "type": "n8n-nodes-base.if",
      "typeVersion": 1,
      "position": [
        460,
        500
      ]
    },
    {
      "parameters": {
        "values": {
          "string": [
            {
              "name": "email_domain",
              "value": "={{ $json.email.split('@')[1] }}"
            },
            {
              "name": "lead_score",
              "value": "={{ $json.email.includes('gmail.com') ? '85' : '70' }}"
            },
            {
              "name": "followup_sequence",
              "value": "={{ $json.email.includes('gmail.com') ? 'personal' : 'business' }}"
            }
          ]
        },
        "options": {}
      },
      "id": "6g2k8i3j-2k7i-0k7g-fh8l-7i9j0k1l2m3n",
      "name": "Enrich Lead Data",
      "type": "n8n-nodes-base.set",
      "typeVersion": 1,
      "position": [
        680,
        500
      ]
    },
    {
      "parameters": {
        "resource": "spreadsheet",
        "operation": "appendRow",
        "documentId": "1BvEh_example_google_sheet_id",
        "sheetName": "Starter Pack Downloads",
        "values": {
          "email": "={{ $json.email }}",
          "name": "={{ $json.name }}",
          "signup_date": "={{ $now }}",
          "source": "coming_soon_page",
          "email_domain": "={{ $json.email_domain }}",
          "lead_score": "={{ $json.lead_score }}",
          "followup_sequence": "={{ $json.followup_sequence }}"
        }
      },
      "id": "7h3l9j4k-3l8j-1l8h-gi9m-8j0k1l2m3n4o",
      "name": "Log to Google Sheets",
      "type": "n8n-nodes-base.googleSheets",
      "typeVersion": 1,
      "position": [
        900,
        500
      ]
    },
    {
      "parameters": {
        "mode": "raw",
        "jsonData": "={\n  \"success\": true,\n  \"message\": \"Welcome to RuneFlow! Check your email for your starter pack.\",\n  \"data\": {\n    \"email\": \"{{ $json.email }}\",\n    \"name\": \"{{ $json.name }}\",\n    \"starter_pack\": \"ansuz-messenger\",\n    \"download_url\": \"https://runeflow.co/downloads/starter-pack.zip\",\n    \"next_steps\": [\n      \"Check your email for setup instructions\",\n      \"Import the workflow into n8n\",\n      \"Configure your email credentials\",\n      \"Test the automation\"\n    ]\n  }\n}",
        "options": {}
      },
      "id": "8i4m0k5l-4m9k-2m9i-hj0n-9k1l2m3n4o5p",
      "name": "Return Response",
      "type": "n8n-nodes-base.respondToWebhook",
      "typeVersion": 1,
      "position": [
        1120,
        500
      ]
    }
  ],
  "connections": {
    "Email Signup Webhook": {
      "main": [
        [
          {
            "node": "Welcome Delay",
            "type": "main",
            "index": 0
          },
          {
            "node": "Check Email Domain",
            "type": "main",
            "index": 0
          }
        ]
      ]
    },
    "Welcome Delay": {
      "main": [
        [
          {
            "node": "Welcome Email",
            "type": "main",
            "index": 0
          }
        ]
      ]
    },
    "Welcome Email": {
      "main": [
        [
          {
            "node": "Add to CRM",
            "type": "main",
            "index": 0
          }
        ]
      ]
    },
    "Add to CRM": {
      "main": [
        [
          {
            "node": "Slack Notification",
            "type": "main",
            "index": 0
          }
        ]
      ]
    },
    "Check Email Domain": {
      "main": [
        [
          {
            "node": "Enrich Lead Data",
            "type": "main",
            "index": 0
          }
        ]
      ]
    },
    "Enrich Lead Data": {
      "main": [
        [
          {
            "node": "Log to Google Sheets",
            "type": "main",
            "index": 0
          }
        ]
      ]
    },
    "Log to Google Sheets": {
      "main": [
        [
          {
            "node": "Return Response",
            "type": "main",
            "index": 0
          }
        ]
      ]
    }
  },
  "active": true,
  "settings": {
    "saveManualExecutions": true,
    "callerPolicy": "workflowsFromSameOwner",
    "errorWorkflow": "error-handler-workflow"
  },
  "staticData": {},
  "tags": [
    "email-automation",
    "starter-pack",
    "runeflow"
  ],
  "meta": {
    "version": "1.0.0",
    "description": "Ansuz - The Messenger: Complete email automation workflow for new subscriber onboarding",
    "author": "RuneFlow Team",
    "category": "Email Marketing",
    "difficulty": "Beginner",
    "estimated_setup_time": "5 minutes",
    "required_credentials": [
      "Email service (Gmail/Outlook)",
      "HubSpot CRM",
      "Slack workspace",
      "Google Sheets"
    ],
    "use_cases": [
      "Welcome new email subscribers",
      "Automate CRM contact creation",
      "Send team notifications",
      "Track signup analytics"
    ]
  }
}
