{
  "integration_patterns": {
    "form_to_crm": {
      "description": "Transform website form submissions to CRM format",
      "input_format": {
        "email": "user@example.com",
        "first_name": "John",
        "last_name": "Doe", 
        "company": "Acme Corp",
        "phone": "+1234567890",
        "utm_source": "google",
        "utm_campaign": "summer_2024"
      },
      "output_format": {
        "properties": {
          "email": "user@example.com",
          "firstname": "John",
          "lastname": "Doe",
          "company": "Acme Corp",
          "phone": "+1234567890",
          "lead_source": "google",
          "campaign": "summer_2024"
        },
        "tags": ["website_lead", "qualified"]
      },
      "use_cases": ["Lead generation", "Contact management", "Sales automation"]
    },
    "ecommerce_to_analytics": {
      "description": "Transform e-commerce orders to analytics events",
      "input_format": {
        "order_id": "ORD-12345",
        "customer_email": "customer@example.com",
        "total_amount": 99.99,
        "currency": "USD",
        "items": [
          {
            "product_name": "Widget A",
            "quantity": 2,
            "price": 49.99
          }
        ]
      },
      "output_format": {
        "event": "purchase",
        "user_id": "customer@example.com",
        "properties": {
          "transaction_id": "ORD-12345",
          "value": 99.99,
          "currency": "USD",
          "items": [
            {
              "item_name": "Widget A",
              "quantity": 2,
              "price": 49.99
            }
          ]
        }
      },
      "use_cases": ["E-commerce tracking", "Revenue analytics", "Customer insights"]
    },
    "api_format_conversion": {
      "description": "Convert between different API formats",
      "scenarios": {
        "rest_to_graphql": {
          "input": {
            "user": {
              "id": 123,
              "name": "John Doe",
              "email": "john@example.com"
            }
          },
          "output": {
            "query": "mutation CreateUser($input: UserInput!) { createUser(input: $input) { id name email } }",
            "variables": {
              "input": {
                "name": "John Doe",
                "email": "john@example.com"
              }
            }
          }
        },
        "xml_to_json": {
          "input": "<user><id>123</id><name>John Doe</name><email>john@example.com</email></user>",
          "output": {
            "user": {
              "id": "123",
              "name": "John Doe", 
              "email": "john@example.com"
            }
          }
        }
      }
    },
    "data_enrichment": {
      "description": "Add additional data to incoming requests",
      "enrichment_types": {
        "geolocation": {
          "input": {"ip": "192.168.1.1"},
          "enriched_output": {
            "ip": "192.168.1.1",
            "country": "United States",
            "region": "California",
            "city": "San Francisco",
            "timezone": "America/Los_Angeles"
          }
        },
        "company_data": {
          "input": {"email": "john@acme.com"},
          "enriched_output": {
            "email": "john@acme.com",
            "company_domain": "acme.com",
            "company_size": "medium",
            "industry": "technology",
            "lead_score": 85
          }
        },
        "social_profiles": {
          "input": {"email": "john@example.com"},
          "enriched_output": {
            "email": "john@example.com",
            "twitter": "@johndoe",
            "linkedin": "linkedin.com/in/johndoe",
            "github": "github.com/johndoe"
          }
        }
      }
    },
    "webhook_normalization": {
      "description": "Normalize webhooks from different sources",
      "sources": {
        "stripe": {
          "webhook_format": {
            "type": "customer.created",
            "data": {
              "object": {
                "id": "cus_12345",
                "email": "customer@example.com",
                "name": "John Doe"
              }
            }
          },
          "normalized_format": {
            "event_type": "customer_created",
            "source": "stripe",
            "customer_id": "cus_12345",
            "email": "customer@example.com",
            "name": "John Doe",
            "timestamp": "2024-07-20T10:30:00Z"
          }
        },
        "shopify": {
          "webhook_format": {
            "id": 12345,
            "email": "customer@example.com",
            "first_name": "John",
            "last_name": "Doe",
            "created_at": "2024-07-20T10:30:00-05:00"
          },
          "normalized_format": {
            "event_type": "customer_created",
            "source": "shopify",
            "customer_id": "12345",
            "email": "customer@example.com",
            "name": "John Doe",
            "timestamp": "2024-07-20T15:30:00Z"
          }
        }
      }
    },
    "multi_system_sync": {
      "description": "Sync data between multiple systems",
      "pattern": "hub_and_spoke",
      "example": {
        "input_system": "primary_crm",
        "output_systems": ["email_marketing", "analytics", "support_desk"],
        "transformation": {
          "input": {
            "contact_id": "12345",
            "email": "user@example.com",
            "status": "qualified_lead"
          },
          "outputs": {
            "email_marketing": {
              "subscriber_email": "user@example.com",
              "tags": ["qualified", "lead"],
              "list_id": "marketing_qualified_leads"
            },
            "analytics": {
              "user_id": "user@example.com",
              "event": "lead_qualified",
              "properties": {
                "source": "crm",
                "lead_score": 85
              }
            },
            "support_desk": {
              "customer_email": "user@example.com",
              "tier": "premium",
              "tags": ["qualified_lead"]
            }
          }
        }
      }
    }
  },
  "common_transformations": {
    "date_formatting": {
      "description": "Convert between different date formats",
      "examples": [
        {
          "from": "2024-07-20T10:30:00-05:00",
          "to": "2024-07-20T15:30:00Z",
          "conversion": "ISO 8601 with timezone to UTC"
        },
        {
          "from": "07/20/2024",
          "to": "2024-07-20",
          "conversion": "US format to ISO date"
        }
      ]
    },
    "field_mapping": {
      "description": "Map field names between systems",
      "examples": [
        {
          "from": {"firstName": "John", "lastName": "Doe"},
          "to": {"first_name": "John", "last_name": "Doe"}
        },
        {
          "from": {"emailAddress": "user@example.com"},
          "to": {"email": "user@example.com"}
        }
      ]
    },
    "data_validation": {
      "description": "Validate and clean incoming data",
      "validations": [
        "Email format validation",
        "Phone number formatting",
        "Required field checking",
        "Data type conversion",
        "Range validation"
      ]
    },
    "error_handling": {
      "description": "Handle errors gracefully",
      "strategies": [
        "Try-catch blocks for validation",
        "Default value assignment",
        "Error logging and notification",
        "Fallback data sources",
        "Retry mechanisms"
      ]
    }
  },
  "best_practices": [
    "Always validate input data before transformation",
    "Use try-catch blocks for error handling",
    "Log transformation activities for debugging",
    "Keep transformations simple and focused",
    "Test with real data scenarios",
    "Document your transformation logic",
    "Handle edge cases gracefully",
    "Use meaningful variable names",
    "Include timestamp in output data",
    "Normalize data formats consistently"
  ]
}
