{
  "name": "Laguz - The Adapter",
  "nodes": [
    {
      "parameters": {
        "httpMethod": "POST",
        "path": "data-sync",
        "responseMode": "responseNode"
      },
      "id": "laguz-webhook",
      "name": "Data Sync Webhook",
      "type": "n8n-nodes-base.webhook",
      "typeVersion": 1,
      "position": [
        240,
        300
      ]
    },
    {
      "parameters": {
        "jsCode": "// Transform incoming data\nconst transformedData = {\n  id: .first().json.id,\n  name: .first().json.name,\n  email: .first().json.email,\n  timestamp: new Date().toISOString(),\n  source: 'laguz-adapter'\n};\n\nreturn { json: transformedData };"
      },
      "id": "data-transform",
      "name": "Transform Data",
      "type": "n8n-nodes-base.code",
      "typeVersion": 1,
      "position": [
        460,
        300
      ]
    },
    {
      "parameters": {
        "mode": "raw",
        "jsonData": "{{  }}"
      },
      "id": "transformed-response",
      "name": "Return Transformed Data",
      "type": "n8n-nodes-base.respondToWebhook",
      "typeVersion": 1,
      "position": [
        680,
        300
      ]
    }
  ],
  "connections": {
    "Data Sync Webhook": {
      "main": [
        [
          {
            "node": "Transform Data",
            "type": "main",
            "index": 0
          }
        ]
      ]
    },
    "Transform Data": {
      "main": [
        [
          {
            "node": "Return Transformed Data",
            "type": "main",
            "index": 0
          }
        ]
      ]
    }
  },
  "active": true,
  "settings": {
    "saveManualExecutions": true,
    "callerPolicy": "workflowsFromSameOwner"
  },
  "staticData": {},
  "tags": [
    "data-transformation",
    "starter-pack",
    "runeflow",
    "laguz"
  ],
  "meta": {
    "version": "1.0.0",
    "description": "Laguz: Data transformation and system integration template",
    "author": "RuneFlow Team",
    "category": "Data Processing",
    "difficulty": "Beginner",
    "estimated_setup_time": "5 minutes"
  }
}