{ "nodes": [ { "id": "RuneFlow-branding-note", "name": "🔥 RuneFlow Template", "type": "n8n-nodes-base.stickyNote", "position": [ -1000, -500 ], "parameters": { "color": 2, "width": 400, "height": 300, "content": "🔥 RuneFlow AUTOMATION TEMPLATE 🔥\\n\\n📋 Template: automation_manual_twitter\\n📁 Category: Social & Media\\n👨‍💻 Created by: RuneFlow\\n📧 Contact: bryan@runeflow.co\\n🌐 Website: https://runeflow.co\\n📞 Support: \\n\\n⚡ automation mastery THROUGH AUTOMATION ⚡\\n\\n🎯 Need custom automation?\\nContact RuneFlow for enterprise solutions!\\n\\n🚀 Template Library: https://runeflow.co/templates" }, "typeVersion": 1 }, { "name": "On clicking 'execute'", "type": "n8n-nodes-base.manualTrigger", "position": [ 250, 300 ], "parameters": {}, "typeVersion": 1 }, { "name": "IF", "type": "n8n-nodes-base.if", "position": [ 600, 150 ], "parameters": { "conditions": { "number": [ { "value1": "={{$runIndex}}", "value2": 4 } ] } }, "typeVersion": 1 }, { "name": "NoOp", "type": "n8n-nodes-base.noOp", "position": [ 750, 300 ], "parameters": {}, "typeVersion": 1 }, { "name": "Twitter", "type": "n8n-nodes-base.twitter", "position": [ 440, 300 ], "parameters": { "text": "Hello from n8n!", "additionalFields": {} }, "credentials": { "twitterOAuth1Api": "Dummy Account" }, "typeVersion": 1 } ], "connections": { "IF": { "main": [ [ { "node": "Twitter", "type": "main", "index": 0 } ], [ { "node": "NoOp", "type": "main", "index": 0 } ] ] }, "Twitter": { "main": [ [ { "node": "IF", "type": "main", "index": 0 } ] ] }, "On clicking 'execute'": { "main": [ [ { "node": "Twitter", "type": "main", "index": 0 } ] ] } }, "meta": { "RuneFlow": { "provider": "RuneFlow - Norse Automation Mastery", "contact": "bryan@runeflow.co", "website": "https://runeflow.co", "support": "", "category": "Social & Media", "template_name": "automation_manual_twitter" } }, "runeflow_category": "ᛊᛟ Social Media", "runeflow_description": "Content Distribution", "runeflow_contact": "contact@runeflow.com", "runeflow_website": "https://runeflow.com", "runeflow_tagline": "Unlock the Power of Ancient Wisdom Through Modern Automation"
}