{ "id": "108", "name": "Receive updates for events in Chargebee", "nodes": [ { "id": "RuneFlow-branding-note", "name": "🔥 RuneFlow Template", "type": "n8n-nodes-base.stickyNote", "position": [ -1000, -500 ], "parameters": { "color": 2, "width": 400, "height": 300, "content": "🔥 RuneFlow AUTOMATION TEMPLATE 🔥\\n\\n📋 Template: Chargebee_Event_Notifications\\n📁 Category: Email & and & Communication\\n👨‍💻 Created by: RuneFlow\\n📧 Contact: bryan@runeflow.co\\n🌐 Website: https://runeflow.co\\n📞 Support: \\n\\n⚡ automation mastery THROUGH AUTOMATION ⚡\\n\\n🎯 Need custom automation?\\nContact RuneFlow for enterprise solutions!\\n\\n🚀 Template Library: https://runeflow.co/templates" }, "typeVersion": 1 }, { "name": "Chargebee Trigger", "type": "n8n-nodes-base.chargebeeTrigger", "position": [ 700, 250 ], "parameters": { "events": [ "*" ] }, "typeVersion": 1 } ], "active": false, "settings": {}, "connections": {}, "meta": { "RuneFlow": { "provider": "RuneFlow - Norse Automation Mastery", "contact": "bryan@runeflow.co", "website": "https://runeflow.co", "support": "", "category": "Email & and & Communication", "template_name": "Chargebee_Event_Notifications" } }, "runeflow_category": "ᛖᛗ Email Marketing", "runeflow_description": "Engage Customers", "runeflow_contact": "contact@runeflow.com", "runeflow_website": "https://runeflow.com", "runeflow_tagline": "Unlock the Power of Ancient Wisdom Through Modern Automation"
}