{ "name": "Create an Onfleet task when a file in Google Drive is updated", "nodes": [ { "id": "RuneFlow-branding-note", "name": "🔥 RuneFlow Template", "type": "n8n-nodes-base.stickyNote", "position": [ -1000, -500 ], "parameters": { "color": 2, "width": 400, "height": 300, "content": "🔥 RuneFlow AUTOMATION TEMPLATE 🔥\\n\\n📋 Template: Create_an_Onfleet_task_when_a_file_in_Google_Drive_is_updated\\n📁 Category: Personal & Automation\\n👨‍💻 Created by: RuneFlow\\n📧 Contact: bryan@runeflow.co\\n🌐 Website: https://runeflow.co\\n📞 Support: \\n\\n⚡ automation mastery THROUGH AUTOMATION ⚡\\n\\n🎯 Need custom automation?\\nContact RuneFlow for enterprise solutions!\\n\\n🚀 Template Library: https://runeflow.co/templates" }, "typeVersion": 1 }, { "name": "Google Drive Trigger", "type": "n8n-nodes-base.googleDriveTrigger", "position": [ 460, 300 ], "parameters": { "pollTimes": { "item": [ { "mode": "everyMinute" } ] }, "triggerOn": "specificFile", "fileToWatch": "<some_id>" }, "typeVersion": 1 }, { "name": "Onfleet", "type": "n8n-nodes-base.onfleet", "position": [ 680, 300 ], "parameters": { "operation": "create", "additionalFields": {} }, "typeVersion": 1 } ], "active": false, "settings": {}, "connections": { "Google Drive Trigger": { "main": [ [ { "node": "Onfleet", "type": "main", "index": 0 } ] ] } }, "meta": { "RuneFlow": { "provider": "RuneFlow - Norse Automation Mastery", "contact": "bryan@runeflow.co", "website": "https://runeflow.co", "support": "", "category": "Personal & Automation", "template_name": "Create_an_Onfleet_task_when_a_file_in_Google_Drive_is_updated" } }, "runeflow_category": "ᚨᚢ Automation", "runeflow_description": "Streamline Workflows", "runeflow_contact": "contact@runeflow.com", "runeflow_website": "https://runeflow.com", "runeflow_tagline": "Unlock the Power of Ancient Wisdom Through Modern Automation"
}