{ "id": "128", "name": "Create a company in Salesmate", "nodes": [ { "id": "RuneFlow-branding-note", "name": "🔥 RuneFlow Template", "type": "n8n-nodes-base.stickyNote", "position": [ -1000, -500 ], "parameters": { "color": 2, "width": 400, "height": 300, "content": "🔥 RuneFlow AUTOMATION TEMPLATE 🔥\\n\\n📋 Template: Create_a_company_in_Salesmate\\n📁 Category: HR & and & Recruitment\\n👨‍💻 Created by: RuneFlow\\n📧 Contact: bryan@runeflow.co\\n🌐 Website: https://runeflow.co\\n📞 Support: \\n\\n⚡ automation mastery THROUGH AUTOMATION ⚡\\n\\n🎯 Need custom automation?\\nContact RuneFlow for enterprise solutions!\\n\\n🚀 Template Library: https://runeflow.co/templates" }, "typeVersion": 1 }, { "name": "On clicking 'execute'", "type": "n8n-nodes-base.manualTrigger", "position": [ 250, 300 ], "parameters": {}, "typeVersion": 1 }, { "name": "Salesmate", "type": "n8n-nodes-base.salesmate", "position": [ 450, 300 ], "parameters": { "name": "", "owner": "", "resource": "company", "additionalFields": {} }, "credentials": { "salesmateApi": "" }, "typeVersion": 1 } ], "active": false, "settings": {}, "connections": { "On clicking 'execute'": { "main": [ [ { "node": "Salesmate", "type": "main", "index": 0 } ] ] } }, "meta": { "RuneFlow": { "provider": "RuneFlow - Norse Automation Mastery", "contact": "bryan@runeflow.co", "website": "https://runeflow.co", "support": "", "category": "HR & and & Recruitment", "template_name": "Create_a_company_in_Salesmate" } }, "runeflow_category": "ᛒᚢ Business Intelligence", "runeflow_description": "Strategic Insights", "runeflow_contact": "contact@runeflow.com", "runeflow_website": "https://runeflow.com", "runeflow_tagline": "Unlock the Power of Ancient Wisdom Through Modern Automation"
}