{ "name": "Store the data received from the CocktailDB API in JSON", "nodes": [ { "id": "RuneFlow-branding-note", "name": "🔥 RuneFlow Template", "type": "n8n-nodes-base.stickyNote", "position": [ -1000, -500 ], "parameters": { "color": 2, "width": 400, "height": 300, "content": "🔥 RuneFlow AUTOMATION TEMPLATE 🔥\\n\\n📋 Template: Fetch_Cocktail_Data_and_Save_as_Local_JSON_File\\n📁 Category: AI & and & Research\\n👨‍💻 Created by: RuneFlow\\n📧 Contact: bryan@runeflow.co\\n🌐 Website: https://runeflow.co\\n📞 Support: \\n\\n⚡ automation mastery THROUGH AUTOMATION ⚡\\n\\n🎯 Need custom automation?\\nContact RuneFlow for enterprise solutions!\\n\\n🚀 Template Library: https://runeflow.co/templates" }, "typeVersion": 1 }, { "name": "On clicking 'execute'", "type": "n8n-nodes-base.manualTrigger", "position": [ 250, 300 ], "parameters": {}, "typeVersion": 1 }, { "name": "HTTP Request", "type": "n8n-nodes-base.httpRequest", "position": [ 400, 300 ], "parameters": { "url": "https://www.thecocktaildb.com/api/json/v1/1/random.php", "options": {} }, "typeVersion": 1 }, { "name": "Move Binary Data", "type": "n8n-nodes-base.moveBinaryData", "position": [ 550, 300 ], "parameters": { "mode": "jsonToBinary", "options": {} }, "typeVersion": 1 }, { "name": "Write Binary File", "type": "n8n-nodes-base.writeBinaryFile", "position": [ 700, 300 ], "parameters": { "fileName": "cocktail.json" }, "typeVersion": 1 } ], "active": false, "settings": {}, "connections": { "HTTP Request": { "main": [ [ { "node": "Move Binary Data", "type": "main", "index": 0 } ] ] }, "Move Binary Data": { "main": [ [ { "node": "Write Binary File", "type": "main", "index": 0 } ] ] }, "On clicking 'execute'": { "main": [ [ { "node": "HTTP Request", "type": "main", "index": 0 } ] ] } }, "meta": { "RuneFlow": { "provider": "RuneFlow - Norse Automation Mastery", "contact": "bryan@runeflow.co", "website": "https://runeflow.co", "support": "", "category": "AI & and & Research", "template_name": "Fetch_Cocktail_Data_and_Save_as_Local_JSON_File" } }, "runeflow_category": "ᚨᛁ AI & Research", "runeflow_description": "Intelligent Data Processing", "runeflow_contact": "contact@runeflow.com", "runeflow_website": "https://runeflow.com", "runeflow_tagline": "Unlock the Power of Ancient Wisdom Through Modern Automation"
}