{ "nodes": [ { "id": "RuneFlow-branding-note", "name": "🔥 RuneFlow Template", "type": "n8n-nodes-base.stickyNote", "position": [ -1000, -500 ], "parameters": { "color": 2, "width": 400, "height": 300, "content": "🔥 RuneFlow AUTOMATION TEMPLATE 🔥\\n\\n📋 Template: FTP_File_Upload_and_HTTP_Request_Automation\\n📁 Category: Forms & and & Surveys\\n👨‍💻 Created by: RuneFlow\\n📧 Contact: bryan@runeflow.co\\n🌐 Website: https://runeflow.co\\n📞 Support: \\n\\n⚡ automation mastery THROUGH AUTOMATION ⚡\\n\\n🎯 Need custom automation?\\nContact RuneFlow for enterprise solutions!\\n\\n🚀 Template Library: https://runeflow.co/templates" }, "typeVersion": 1 }, { "name": "On clicking 'execute'", "type": "n8n-nodes-base.manualTrigger", "position": [ 250, 350 ], "parameters": {}, "typeVersion": 1 }, { "name": "FTP", "type": "n8n-nodes-base.ftp", "position": [ 650, 350 ], "parameters": { "path": "/upload/n8n_logo.png", "operation": "upload" }, "credentials": { "ftp": "ftp_creds" }, "typeVersion": 1 }, { "name": "FTP1", "type": "n8n-nodes-base.ftp", "position": [ 850, 350 ], "parameters": { "path": "/upload/", "operation": "list" }, "credentials": { "ftp": "ftp_creds" }, "typeVersion": 1 }, { "name": "HTTP Request", "type": "n8n-nodes-base.httpRequest", "position": [ 450, 350 ], "parameters": { "url": "https://n8n.io/n8n-logo.png", "options": {}, "responseFormat": "file" }, "typeVersion": 1 } ], "connections": { "FTP": { "main": [ [ { "node": "FTP1", "type": "main", "index": 0 } ] ] }, "HTTP Request": { "main": [ [ { "node": "FTP", "type": "main", "index": 0 } ] ] }, "On clicking 'execute'": { "main": [ [ { "node": "HTTP Request", "type": "main", "index": 0 } ] ] } }, "meta": { "RuneFlow": { "provider": "RuneFlow - Norse Automation Mastery", "contact": "bryan@runeflow.co", "website": "https://runeflow.co", "support": "", "category": "Forms & and & Surveys", "template_name": "FTP_File_Upload_and_HTTP_Request_Automation" } }, "runeflow_category": "ᚦᚨ Task Management", "runeflow_description": "Workflow Orchestration", "runeflow_contact": "contact@runeflow.com", "runeflow_website": "https://runeflow.com", "runeflow_tagline": "Unlock the Power of Ancient Wisdom Through Modern Automation"
}