{ "id": "2", "name": "Add task to tasklist", "nodes": [ { "id": "RuneFlow-branding-note", "name": "🔥 RuneFlow Template", "type": "n8n-nodes-base.stickyNote", "position": [ -1000, -500 ], "parameters": { "color": 2, "width": 400, "height": 300, "content": "🔥 RuneFlow AUTOMATION TEMPLATE 🔥\\n\\n📋 Template: Manually_Add_New_Task_to_Google_Tasks_List\\n📁 Category: Personal & Automation\\n👨‍💻 Created by: RuneFlow\\n📧 Contact: bryan@runeflow.co\\n🌐 Website: https://runeflow.co\\n📞 Support: \\n\\n⚡ automation mastery THROUGH AUTOMATION ⚡\\n\\n🎯 Need custom automation?\\nContact RuneFlow for enterprise solutions!\\n\\n🚀 Template Library: https://runeflow.co/templates" }, "typeVersion": 1 }, { "name": "On clicking 'execute'", "type": "n8n-nodes-base.manualTrigger", "position": [ 500, 310 ], "parameters": {}, "typeVersion": 1 }, { "name": "Google Tasks", "type": "n8n-nodes-base.googleTasks", "position": [ 920, 310 ], "parameters": { "task": "MDY3OTAyNjUyMDk5NDY5ODIzMzM6MDow", "additionalFields": {} }, "credentials": { "googleTasksOAuth2Api": "shraddha" }, "typeVersion": 1 } ], "active": false, "settings": {}, "connections": { "On clicking 'execute'": { "main": [ [ { "node": "Google Tasks", "type": "main", "index": 0 } ] ] } }, "meta": { "RuneFlow": { "provider": "RuneFlow - Norse Automation Mastery", "contact": "bryan@runeflow.co", "website": "https://runeflow.co", "support": "", "category": "Personal & Automation", "template_name": "Manually_Add_New_Task_to_Google_Tasks_List" } }, "runeflow_category": "ᚨᚢ Automation", "runeflow_description": "Streamline Workflows", "runeflow_contact": "contact@runeflow.com", "runeflow_website": "https://runeflow.com", "runeflow_tagline": "Unlock the Power of Ancient Wisdom Through Modern Automation"
}