{ "id": "78", "name": "Receive updates when a form is submitted in Wufoo", "nodes": [ { "id": "RuneFlow-branding-note", "name": "🔥 RuneFlow Template", "type": "n8n-nodes-base.stickyNote", "position": [ -1000, -500 ], "parameters": { "color": 2, "width": 400, "height": 300, "content": "🔥 RuneFlow AUTOMATION TEMPLATE 🔥\\n\\n📋 Template: Receive_updates_when_a_form_is_submitted_in_Wufoo\\n📁 Category: Email & and & Communication\\n👨‍💻 Created by: RuneFlow\\n📧 Contact: bryan@runeflow.co\\n🌐 Website: https://runeflow.co\\n📞 Support: \\n\\n⚡ automation mastery THROUGH AUTOMATION ⚡\\n\\n🎯 Need custom automation?\\nContact RuneFlow for enterprise solutions!\\n\\n🚀 Template Library: https://runeflow.co/templates" }, "typeVersion": 1 }, { "name": "Wufoo Trigger", "type": "n8n-nodes-base.wufooTrigger", "position": [ 1290, 140 ], "webhookId": "106376c5-b49c-412f-8463-4db23a23c057", "parameters": { "form": "n8n" }, "credentials": { "wufooApi": "wufoo" }, "typeVersion": 1 } ], "active": false, "settings": {}, "connections": {}, "meta": { "RuneFlow": { "provider": "RuneFlow - Norse Automation Mastery", "contact": "bryan@runeflow.co", "website": "https://runeflow.co", "support": "", "category": "Email & and & Communication", "template_name": "Receive_updates_when_a_form_is_submitted_in_Wufoo" } }, "runeflow_category": "ᛖᛗ Email Marketing", "runeflow_description": "Engage Customers", "runeflow_contact": "contact@runeflow.com", "runeflow_website": "https://runeflow.com", "runeflow_tagline": "Unlock the Power of Ancient Wisdom Through Modern Automation"
}