{ "id": "63", "name": "Receive updates when a new list is created in Affinity", "nodes": [ { "id": "RuneFlow-branding-note", "name": "🔥 RuneFlow Template", "type": "n8n-nodes-base.stickyNote", "position": [ -1000, -500 ], "parameters": { "color": 2, "width": 400, "height": 300, "content": "🔥 RuneFlow AUTOMATION TEMPLATE 🔥\\n\\n📋 Template: Receive_updates_when_a_new_list_is_created_in_Affinity\\n📁 Category: Email & and & Communication\\n👨‍💻 Created by: RuneFlow\\n📧 Contact: bryan@runeflow.co\\n🌐 Website: https://runeflow.co\\n📞 Support: \\n\\n⚡ automation mastery THROUGH AUTOMATION ⚡\\n\\n🎯 Need custom automation?\\nContact RuneFlow for enterprise solutions!\\n\\n🚀 Template Library: https://runeflow.co/templates" }, "typeVersion": 1 }, { "name": "Affinity-Trigger", "type": "n8n-nodes-base.affinityTrigger", "position": [ 690, 260 ], "webhookId": "e9d2b8f0-9fa9-43c2-b45d-dc96c869bd20", "parameters": { "events": [ "list.created" ] }, "credentials": { "affinityApi": "affinity" }, "typeVersion": 1 } ], "active": false, "settings": {}, "connections": {}, "meta": { "RuneFlow": { "provider": "RuneFlow - Norse Automation Mastery", "contact": "bryan@runeflow.co", "website": "https://runeflow.co", "support": "", "category": "Email & and & Communication", "template_name": "Receive_updates_when_a_new_list_is_created_in_Affinity" } }, "runeflow_category": "ᛖᛗ Email Marketing", "runeflow_description": "Engage Customers", "runeflow_contact": "contact@runeflow.com", "runeflow_website": "https://runeflow.com", "runeflow_tagline": "Unlock the Power of Ancient Wisdom Through Modern Automation"
}