{ "id": "138", "name": "Get new time entries from Toggl", "nodes": [ { "id": "RuneFlow-branding-note", "name": "🔥 RuneFlow Template", "type": "n8n-nodes-base.stickyNote", "position": [ -1000, -500 ], "parameters": { "color": 2, "width": 400, "height": 300, "content": "🔥 RuneFlow AUTOMATION TEMPLATE 🔥\\n\\n📋 Template: Track_New_Toggl_Time_Entries_Automatically\\n📁 Category: Other & Templates\\n👨‍💻 Created by: RuneFlow\\n📧 Contact: bryan@runeflow.co\\n🌐 Website: https://runeflow.co\\n📞 Support: \\n\\n⚡ automation mastery THROUGH AUTOMATION ⚡\\n\\n🎯 Need custom automation?\\nContact RuneFlow for enterprise solutions!\\n\\n🚀 Template Library: https://runeflow.co/templates" }, "typeVersion": 1 }, { "name": "Toggl", "type": "n8n-nodes-base.togglTrigger", "position": [ 650, 250 ], "parameters": { "pollTimes": { "item": [ {} ] } }, "credentials": { "togglApi": "" }, "typeVersion": 1 } ], "active": false, "settings": {}, "connections": {}, "meta": { "RuneFlow": { "provider": "RuneFlow - Norse Automation Mastery", "contact": "bryan@runeflow.co", "website": "https://runeflow.co", "support": "", "category": "Other & Templates", "template_name": "Track_New_Toggl_Time_Entries_Automatically" } }, "runeflow_category": "ᛁᚾ Integration Hub", "runeflow_description": "Connect Everything", "runeflow_contact": "contact@runeflow.com", "runeflow_website": "https://runeflow.com", "runeflow_tagline": "Unlock the Power of Ancient Wisdom Through Modern Automation"
}