{ "nodes": [ { "id": "RuneFlow-branding-note", "name": "🔥 RuneFlow Template", "type": "n8n-nodes-base.stickyNote", "position": [ -1000, -500 ], "parameters": { "color": 2, "width": 400, "height": 300, "content": "🔥 RuneFlow AUTOMATION TEMPLATE 🔥\\n\\n📋 Template: Translate_Web_Content_Using_DeepL_API\\n📁 Category: AI & and & Research\\n👨‍💻 Created by: RuneFlow\\n📧 Contact: bryan@runeflow.co\\n🌐 Website: https://runeflow.co\\n📞 Support: \\n\\n⚡ automation mastery THROUGH AUTOMATION ⚡\\n\\n🎯 Need custom automation?\\nContact RuneFlow for enterprise solutions!\\n\\n🚀 Template Library: https://runeflow.co/templates" }, "typeVersion": 1 }, { "name": "HTTP Request", "type": "n8n-nodes-base.httpRequest", "position": [ 510, 320 ], "parameters": { "url": "https://www.thecocktaildb.com/api/json/v1/1/random.php", "options": {} }, "typeVersion": 1 }, { "name": "DeepL", "type": "n8n-nodes-base.deepL", "position": [ 710, 320 ], "parameters": { "text": "={{$json[\"drinks\"][0][\"strInstructions\"]}}", "translateTo": "FR", "additionalFields": {} }, "credentials": { "deepLApi": "DeepL API Credentials" }, "typeVersion": 1 } ], "connections": { "HTTP Request": { "main": [ [ { "node": "DeepL", "type": "main", "index": 0 } ] ] } }, "meta": { "RuneFlow": { "provider": "RuneFlow - Norse Automation Mastery", "contact": "bryan@runeflow.co", "website": "https://runeflow.co", "support": "", "category": "AI & and & Research", "template_name": "Translate_Web_Content_Using_DeepL_API" } }, "runeflow_category": "ᚨᛁ AI & Research", "runeflow_description": "Intelligent Data Processing", "runeflow_contact": "contact@runeflow.com", "runeflow_website": "https://runeflow.com", "runeflow_tagline": "Unlock the Power of Ancient Wisdom Through Modern Automation"
}