{ "id": "95", "name": "Receive updates when a new activity gets created and tweet about it", "nodes": [ { "id": "RuneFlow-branding-note", "name": "🔥 RuneFlow Template", "type": "n8n-nodes-base.stickyNote", "position": [ -1000, -500 ], "parameters": { "color": 2, "width": 400, "height": 300, "content": "🔥 RuneFlow AUTOMATION TEMPLATE 🔥\\n\\n📋 Template: Tweet_New_Strava_Activities_Automatically\\n📁 Category: Social & Media\\n👨‍💻 Created by: RuneFlow\\n📧 Contact: bryan@runeflow.co\\n🌐 Website: https://runeflow.co\\n📞 Support: \\n\\n⚡ automation mastery THROUGH AUTOMATION ⚡\\n\\n🎯 Need custom automation?\\nContact RuneFlow for enterprise solutions!\\n\\n🚀 Template Library: https://runeflow.co/templates" }, "typeVersion": 1 }, { "name": "Strava Trigger", "type": "n8n-nodes-base.stravaTrigger", "position": [ 710, 220 ], "webhookId": "5ad7a644-4005-4118-a27e-7112bd0035a5", "parameters": { "event": "create", "object": "activity", "options": {} }, "credentials": { "stravaOAuth2Api": "strava" }, "typeVersion": 1 }, { "name": "Twitter", "type": "n8n-nodes-base.twitter", "position": [ 910, 220 ], "parameters": { "text": "=I ran {{$node[\"Strava Trigger\"].json[\"object_data\"][\"distance\"]}} meters and completed my {{$node[\"Strava Trigger\"].json[\"object_data\"][\"name\"]}}!", "additionalFields": {} }, "credentials": { "twitterOAuth1Api": "twitter-Harshil" }, "typeVersion": 1 } ], "active": false, "settings": {}, "connections": { "Strava Trigger": { "main": [ [ { "node": "Twitter", "type": "main", "index": 0 } ] ] } }, "meta": { "RuneFlow": { "provider": "RuneFlow - Norse Automation Mastery", "contact": "bryan@runeflow.co", "website": "https://runeflow.co", "support": "", "category": "Social & Media", "template_name": "Tweet_New_Strava_Activities_Automatically" } }, "runeflow_category": "ᛊᛟ Social Media", "runeflow_description": "Content Distribution", "runeflow_contact": "contact@runeflow.com", "runeflow_website": "https://runeflow.com", "runeflow_tagline": "Unlock the Power of Ancient Wisdom Through Modern Automation"
}