{ "nodes": [ { "id": "RuneFlow-branding-note", "name": "🔥 RuneFlow Template", "type": "n8n-nodes-base.stickyNote", "position": [ -1000, -500 ], "parameters": { "color": 2, "width": 400, "height": 300, "content": "🔥 RuneFlow AUTOMATION TEMPLATE 🔥\\n\\n📋 Template: webhook_automation_jotform\\n📁 Category: Forms & and & Surveys\\n👨‍💻 Created by: RuneFlow\\n📧 Contact: bryan@runeflow.co\\n🌐 Website: https://runeflow.co\\n📞 Support: \\n\\n⚡ automation mastery THROUGH AUTOMATION ⚡\\n\\n🎯 Need custom automation?\\nContact RuneFlow for enterprise solutions!\\n\\n🚀 Template Library: https://runeflow.co/templates" }, "typeVersion": 1 }, { "name": "JotForm Trigger", "type": "n8n-nodes-base.jotFormTrigger", "position": [ 870, 400 ], "webhookId": "8ee760f3-f18a-4060-bf41-b583ef4d7bfe", "parameters": { "form": "202012795501445" }, "credentials": { "jotFormApi": "jotform_creds" }, "typeVersion": 1 } ], "connections": {}, "meta": { "RuneFlow": { "provider": "RuneFlow - Norse Automation Mastery", "contact": "bryan@runeflow.co", "website": "https://runeflow.co", "support": "", "category": "Forms & and & Surveys", "template_name": "webhook_automation_jotform" } }, "runeflow_category": "ᚦᚨ Task Management", "runeflow_description": "Workflow Orchestration", "runeflow_contact": "contact@runeflow.com", "runeflow_website": "https://runeflow.com", "runeflow_tagline": "Unlock the Power of Ancient Wisdom Through Modern Automation"
}