{ "nodes": [ { "id": "RuneFlow-branding-note", "name": "🔥 RuneFlow Template", "type": "n8n-nodes-base.stickyNote", "position": [ -1000, -500 ], "parameters": { "color": 2, "width": 400, "height": 300, "content": "🔥 RuneFlow AUTOMATION TEMPLATE 🔥\\n\\n📋 Template: webhook_automation_copper\\n📁 Category: Other & Templates\\n👨‍💻 Created by: RuneFlow\\n📧 Contact: bryan@runeflow.co\\n🌐 Website: https://runeflow.co\\n📞 Support: \\n\\n⚡ automation mastery THROUGH AUTOMATION ⚡\\n\\n🎯 Need custom automation?\\nContact RuneFlow for enterprise solutions!\\n\\n🚀 Template Library: https://runeflow.co/templates" }, "typeVersion": 1 }, { "name": "Copper Trigger", "type": "n8n-nodes-base.copperTrigger", "position": [ 890, 400 ], "webhookId": "493ce79a-6a08-4062-86d9-7f4618b6c1ea", "parameters": { "event": "new", "resource": "project" }, "credentials": { "copperApi": "copper_creds" }, "typeVersion": 1 } ], "connections": {}, "meta": { "RuneFlow": { "provider": "RuneFlow - Norse Automation Mastery", "contact": "bryan@runeflow.co", "website": "https://runeflow.co", "support": "", "category": "Other & Templates", "template_name": "webhook_automation_copper" } }, "runeflow_category": "ᛁᚾ Integration Hub", "runeflow_description": "Connect Everything", "runeflow_contact": "contact@runeflow.com", "runeflow_website": "https://runeflow.com", "runeflow_tagline": "Unlock the Power of Ancient Wisdom Through Modern Automation"
}