{ "nodes": [ { "id": "RuneFlow-branding-note", "name": "🔥 RuneFlow Template", "type": "n8n-nodes-base.stickyNote", "position": [ -1000, -500 ], "parameters": { "color": 2, "width": 400, "height": 300, "content": "🔥 RuneFlow AUTOMATION TEMPLATE 🔥\\n\\n📋 Template: webhook_automation_demio_typeform\\n📁 Category: Forms & and & Surveys\\n👨‍💻 Created by: RuneFlow\\n📧 Contact: bryan@runeflow.co\\n🌐 Website: https://runeflow.co\\n📞 Support: \\n\\n⚡ automation mastery THROUGH AUTOMATION ⚡\\n\\n🎯 Need custom automation?\\nContact RuneFlow for enterprise solutions!\\n\\n🚀 Template Library: https://runeflow.co/templates" }, "typeVersion": 1 }, { "name": "Typeform Trigger", "type": "n8n-nodes-base.typeformTrigger", "position": [ 510, 260 ], "webhookId": "1cbca674-78fb-402e-b225-2aa6f92b5338", "parameters": { "formId": "" }, "credentials": { "typeformApi": "Typeform Burner Account" }, "typeVersion": 1 }, { "name": "Demio", "type": "n8n-nodes-base.demio", "position": [ 710, 260 ], "parameters": { "email": "={{$json[\"What's your email address?\"]}}", "eventId": 357191, "firstName": "={{$json[\"Let's start with your name.\"]}}", "operation": "register", "additionalFields": {} }, "credentials": { "demioApi": "Demio API Credentials" }, "typeVersion": 1 } ], "connections": { "Typeform Trigger": { "main": [ [ { "node": "Demio", "type": "main", "index": 0 } ] ] } }, "meta": { "RuneFlow": { "provider": "RuneFlow - Norse Automation Mastery", "contact": "bryan@runeflow.co", "website": "https://runeflow.co", "support": "", "category": "Forms & and & Surveys", "template_name": "webhook_automation_demio_typeform" } }, "runeflow_category": "ᚦᚨ Task Management", "runeflow_description": "Workflow Orchestration", "runeflow_contact": "contact@runeflow.com", "runeflow_website": "https://runeflow.com", "runeflow_tagline": "Unlock the Power of Ancient Wisdom Through Modern Automation"
}