{
  "credentials": {
    "openrouter": {
      "name": "OpenRouter API",
      "type": "httpHeaderAuth",
      "parameters": {
        "name": "Authorization",
        "value": "Bearer YOUR_OPENROUTER_API_KEY"
      },
      "instructions": "Get your API key from https://openrouter.ai/keys",
      "cost": "Pay-per-use, ~$0.01-0.10 per video"
    },
    "fal_ai": {
      "name": "Fal AI API",
      "type": "httpHeaderAuth", 
      "parameters": {
        "name": "Authorization",
        "value": "Key YOUR_FAL_API_KEY"
      },
      "instructions": "Get your API key from https://fal.ai/dashboard/keys",
      "cost": "~$0.50-2.00 per video generation"
    },
    "blotato": {
      "name": "Blotato API",
      "type": "httpHeaderAuth",
      "parameters": {
        "name": "Authorization", 
        "value": "Bearer YOUR_BLOTATO_API_KEY"
      },
      "instructions": "Get your API key from https://blotato.com/dashboard/api",
      "cost": "$29/month for unlimited posting"
    },
    "google_sheets": {
      "name": "Google Sheets API",
      "type": "googleSheetsOAuth2Api",
      "instructions": [
        "1. Go to https://console.cloud.google.com/",
        "2. Create a new project or select existing",
        "3. Enable Google Sheets API",
        "4. Create OAuth 2.0 credentials",
        "5. Add credentials to n8n"
      ],
      "cost": "Free (within Google's generous limits)"
    }
  },
  "setup_notes": {
    "total_monthly_cost": "$30-50 depending on video generation volume",
    "free_tier_options": "Google Sheets is free, others offer free trials",
    "recommended_order": [
      "1. Set up Google Sheets first (free)",
      "2. Add OpenRouter API (cheapest AI)",
      "3. Add Fal AI (most expensive but essential)",
      "4. Add Blotato last (social media posting)"
    ]
  }
}
